--------------------------------------------------------
-- 1: Person 
--------------------------------------------------------
insert into Person (PersonID, PersonName, PersonAddress, PersonStreet, PersonCity, PersonZipcode, Email, Gender) values (1000, 'Reyes', '38', 'Dayton', 'Boguszów-Gorce', 18277, 'lreyes0@deliciousdays.com', 'Female');
insert into Person (PersonID, PersonName, PersonAddress, PersonStreet, PersonCity, PersonZipcode, Email, Gender) values (1001, 'Stevens', '34', 'Clemons', 'Xiamazhuang', 13900, 'jstevens1@sohu.com', 'Male');
insert into Person (PersonID, PersonName, PersonAddress, PersonStreet, PersonCity, PersonZipcode, Email, Gender) values (1002, 'Lane', '20778', 'Nevada', 'Ziyang Chengguanzhen', 13013, 'nlane2@cyberchimps.com', 'Female');
insert into Person (PersonID, PersonName, PersonAddress, PersonStreet, PersonCity, PersonZipcode, Email, Gender) values (1003, 'Wood', '10244', 'Independence', 'Carmen', 59083, 'swood3@tripod.com', 'Female');
insert into Person (PersonID, PersonName, PersonAddress, PersonStreet, PersonCity, PersonZipcode, Email, Gender) values (1004, 'Nichols', '87', 'Sycamore', 'Huayucachi', 41240, 'anichols4@bing.com', 'Female');
insert into Person (PersonID, PersonName, PersonAddress, PersonStreet, PersonCity, PersonZipcode, Email, Gender) values (1005, 'Thomas', '1', 'Dottie', 'Pacaycasa', 60558, 'lthomas5@walmart.com', 'Female');
insert into Person (PersonID, PersonName, PersonAddress, PersonStreet, PersonCity, PersonZipcode, Email, Gender) values (1006, 'Stephens', '7489', 'Vermont', 'Färjestaden', 68878, 'rstephens6@google.cn', 'Male');
insert into Person (PersonID, PersonName, PersonAddress, PersonStreet, PersonCity, PersonZipcode, Email, Gender) values (1007, 'Chapman', '766', 'Alpine', 'Tuodian', 55811, 'cchapman7@flavors.me', 'Female');
insert into Person (PersonID, PersonName, PersonAddress, PersonStreet, PersonCity, PersonZipcode, Email, Gender) values (1008, 'James', '6', 'Talmadge', 'Shibli', 61488, 'kjames8@mapquest.com', 'Male');
insert into Person (PersonID, PersonName, PersonAddress, PersonStreet, PersonCity, PersonZipcode, Email, Gender) values (1009, 'Ryan', '0', 'Hauk', 'Jilong', 45085, 'jryan9@cnn.com', 'Male');
insert into Person (PersonID, PersonName, PersonAddress, PersonStreet, PersonCity, PersonZipcode, Email, Gender) values (1010, 'Cooper', '624', 'Blaine', 'Los Pinos', 24320, 'pcoopera@washington.edu', 'Female');
insert into Person (PersonID, PersonName, PersonAddress, PersonStreet, PersonCity, PersonZipcode, Email, Gender) values (1011, 'Griffin', '227', 'Rusk', 'Tyresö', 53948, 'agriffinb@nifty.com', 'Female');
insert into Person (PersonID, PersonName, PersonAddress, PersonStreet, PersonCity, PersonZipcode, Email, Gender) values (1012, 'Gutierrez', '2', 'Westerfield', 'Três Rios', 56922, 'egutierrezc@walmart.com', 'Female');
insert into Person (PersonID, PersonName, PersonAddress, PersonStreet, PersonCity, PersonZipcode, Email, Gender) values (1013, 'Spencer', '79873', 'Butternut', 'Mhlambanyatsi', 26787, 'wspencerd@newyorker.com', 'Female');
insert into Person (PersonID, PersonName, PersonAddress, PersonStreet, PersonCity, PersonZipcode, Email, Gender) values (1014, 'Carter', '49', 'Logan', 'Norrtälje', 21848, 'jcartere@reddit.com', 'Female');
insert into Person (PersonID, PersonName, PersonAddress, PersonStreet, PersonCity, PersonZipcode, Email, Gender) values (1015, 'Lewis', '0', 'Monica', 'Huangchi', 21835, 'plewisf@slideshare.net', 'Male');
insert into Person (PersonID, PersonName, PersonAddress, PersonStreet, PersonCity, PersonZipcode, Email, Gender) values (1016, 'Lee', '857', 'Hollow Ridge', 'Bao’an', 72378, 'lleeg@cnn.com', 'Male');
insert into Person (PersonID, PersonName, PersonAddress, PersonStreet, PersonCity, PersonZipcode, Email, Gender) values (1017, 'Ramos', '790', 'Elmside', 'Ranong', 65106, 'aramosh@webs.com', 'Female');
insert into Person (PersonID, PersonName, PersonAddress, PersonStreet, PersonCity, PersonZipcode, Email, Gender) values (1018, 'Welch', '08', 'Dryden', 'São Joaquim', 88837, 'gwelchi@gmpg.org', 'Female');
insert into Person (PersonID, PersonName, PersonAddress, PersonStreet, PersonCity, PersonZipcode, Email, Gender) values (1019, 'Weaver', '5', 'Fair Oaks', 'Ropcha', 67888, 'rweaverj@sourceforge.net', 'Female');
insert into Person (PersonID, PersonName, PersonAddress, PersonStreet, PersonCity, PersonZipcode, Email, Gender) values (1020, 'Gordon', '0', 'Holy Cross', 'Sharkawshchyna', 93451, 'dgordonk@google.pl', 'Female');
insert into Person (PersonID, PersonName, PersonAddress, PersonStreet, PersonCity, PersonZipcode, Email, Gender) values (1021, 'Boyd', '845', 'Mandrake', 'Shchëkino', 97531, 'aboydl@cyberchimps.com', 'Male');
insert into Person (PersonID, PersonName, PersonAddress, PersonStreet, PersonCity, PersonZipcode, Email, Gender) values (1022, 'Hunter', '187', 'Carey', 'Jiaoxie', 89015, 'ahunterm@deliciousdays.com', 'Female');
insert into Person (PersonID, PersonName, PersonAddress, PersonStreet, PersonCity, PersonZipcode, Email, Gender) values (1023, 'Washington', '94473', 'Kenwood', 'Longra', 41416, 'dwashingtonn@linkedin.com', 'Male');
insert into Person (PersonID, PersonName, PersonAddress, PersonStreet, PersonCity, PersonZipcode, Email, Gender) values (1024, 'Gray', '04624', 'Beilfuss', 'Silvares', 23745, 'mgrayo@scientificamerican.com', 'Female');
insert into Person (PersonID, PersonName, PersonAddress, PersonStreet, PersonCity, PersonZipcode, Email, Gender) values (1025, 'Cole', '58216', 'Garrison', 'Laikit, Laikit II (Dimembe)', 73055, 'pcolep@360.cn', 'Male');
insert into Person (PersonID, PersonName, PersonAddress, PersonStreet, PersonCity, PersonZipcode, Email, Gender) values (1026, 'Thompson', '486', '6th', 'Liushutun', 72562, 'athompsonq@fema.gov', 'Female');
insert into Person (PersonID, PersonName, PersonAddress, PersonStreet, PersonCity, PersonZipcode, Email, Gender) values (1027, 'Lewis', '054', 'Heffernan', 'Maquiapo', 77186, 'elewisr@123-reg.co.uk', 'Female');
insert into Person (PersonID, PersonName, PersonAddress, PersonStreet, PersonCity, PersonZipcode, Email, Gender) values (1028, 'Thomas', '04839', 'Carberry', 'Chahe', 59891, 'pthomass@dell.com', 'Female');
insert into Person (PersonID, PersonName, PersonAddress, PersonStreet, PersonCity, PersonZipcode, Email, Gender) values (1029, 'Barnes', '65661', 'Talmadge', 'Rio das Ostras', 13804, 'pbarnest@sohu.com', 'Female');
insert into Person (PersonID, PersonName, PersonAddress, PersonStreet, PersonCity, PersonZipcode, Email, Gender) values (1030, 'Cooper', '58', 'Karstens', 'Osogbo', 28955, 'acooperu@uiuc.edu', 'Male');
insert into Person (PersonID, PersonName, PersonAddress, PersonStreet, PersonCity, PersonZipcode, Email, Gender) values (1031, 'Reynolds', '82', 'Novick', 'Guadalupe', 27958, 'preynoldsv@friendfeed.com', 'Female');
insert into Person (PersonID, PersonName, PersonAddress, PersonStreet, PersonCity, PersonZipcode, Email, Gender) values (1032, 'Austin', '90', 'Anhalt', 'Río Sereno', 49211, 'caustinw@goodreads.com', 'Male');
insert into Person (PersonID, PersonName, PersonAddress, PersonStreet, PersonCity, PersonZipcode, Email, Gender) values (1033, 'Ryan', '495', 'Oriole', 'Bouças', 29886, 'tryanx@amazonaws.com', 'Male');
insert into Person (PersonID, PersonName, PersonAddress, PersonStreet, PersonCity, PersonZipcode, Email, Gender) values (1034, 'Walker', '333', 'Bobwhite', 'Jawf al Maqbābah', 68600, 'pwalkery@newyorker.com', 'Male');
insert into Person (PersonID, PersonName, PersonAddress, PersonStreet, PersonCity, PersonZipcode, Email, Gender) values (1035, 'Morgan', '5615', 'Lyons', 'Igang', 46216, 'emorganz@sakura.ne.jp', 'Male');
insert into Person (PersonID, PersonName, PersonAddress, PersonStreet, PersonCity, PersonZipcode, Email, Gender) values (1036, 'Cook', '0', 'Almo', 'Tendō', 43153, 'jcook10@apache.org', 'Female');
insert into Person (PersonID, PersonName, PersonAddress, PersonStreet, PersonCity, PersonZipcode, Email, Gender) values (1037, 'Gilbert', '3', 'Fairfield', 'Zibo', 67223, 'sgilbert11@gizmodo.com', 'Male');
insert into Person (PersonID, PersonName, PersonAddress, PersonStreet, PersonCity, PersonZipcode, Email, Gender) values (1038, 'Cruz', '8', 'Carey', 'Beaumont', 55374, 'bcruz12@theguardian.com', 'Female');
insert into Person (PersonID, PersonName, PersonAddress, PersonStreet, PersonCity, PersonZipcode, Email, Gender) values (1039, 'Rice', '0', 'Briar Crest', 'Basa', 90964, 'arice13@china.com.cn', 'Female');
insert into Person (PersonID, PersonName, PersonAddress, PersonStreet, PersonCity, PersonZipcode, Email, Gender) values (1040, 'Austin', '9', 'Bluestem', 'Magoúla', 61567, 'aaustin14@simplemachines.org', 'Female');
insert into Person (PersonID, PersonName, PersonAddress, PersonStreet, PersonCity, PersonZipcode, Email, Gender) values (1041, 'Hart', '32', 'Stuart', 'Mlawat', 28183, 'bhart15@hexun.com', 'Male');
insert into Person (PersonID, PersonName, PersonAddress, PersonStreet, PersonCity, PersonZipcode, Email, Gender) values (1042, 'Thompson', '6516', 'Oriole', 'Rosario de Lerma', 78461, 'tthompson16@godaddy.com', 'Male');
insert into Person (PersonID, PersonName, PersonAddress, PersonStreet, PersonCity, PersonZipcode, Email, Gender) values (1043, 'Frazier', '89470', 'Forster', 'Ninh Giang', 30778, 'mfrazier17@sun.com', 'Female');
insert into Person (PersonID, PersonName, PersonAddress, PersonStreet, PersonCity, PersonZipcode, Email, Gender) values (1044, 'Cook', '92632', 'Tennessee', 'Chum Phae', 21152, 'bcook18@devhub.com', 'Male');
insert into Person (PersonID, PersonName, PersonAddress, PersonStreet, PersonCity, PersonZipcode, Email, Gender) values (1045, 'Walker', '9197', 'Coolidge', 'Omīdcheh', 13206, 'swalker19@live.com', 'Male');
insert into Person (PersonID, PersonName, PersonAddress, PersonStreet, PersonCity, PersonZipcode, Email, Gender) values (1046, 'Peterson', '6', 'Tennessee', 'Oslo', 92608, 'dpeterson1a@qq.com', 'Female');
insert into Person (PersonID, PersonName, PersonAddress, PersonStreet, PersonCity, PersonZipcode, Email, Gender) values (1047, 'Matthews', '0', 'Dawn', 'Chakwāl', 67182, 'amatthews1b@rediff.com', 'Male');
insert into Person (PersonID, PersonName, PersonAddress, PersonStreet, PersonCity, PersonZipcode, Email, Gender) values (1048, 'Vasquez', '4759', 'Warbler', 'Ottawa', 52469, 'cvasquez1c@orange.fr', 'Male');
insert into Person (PersonID, PersonName, PersonAddress, PersonStreet, PersonCity, PersonZipcode, Email, Gender) values (1049, 'Henderson', '65', 'Welch', 'Wleń', 62350, 'jhenderson1d@deliciousdays.com', 'Female');
insert into Person (PersonID, PersonName, PersonAddress, PersonStreet, PersonCity, PersonZipcode, Email, Gender) values (1050, 'Adams', '6', 'Arkansas', 'Sishilichengzi', 94615, 'aadams1e@typepad.com', 'Female');
insert into Person (PersonID, PersonName, PersonAddress, PersonStreet, PersonCity, PersonZipcode, Email, Gender) values (1051, 'Gutierrez', '9', 'Mitchell', 'San Miguel', 56375, 'jgutierrez1f@discovery.com', 'Female');
insert into Person (PersonID, PersonName, PersonAddress, PersonStreet, PersonCity, PersonZipcode, Email, Gender) values (1052, 'Austin', '74806', 'Onsgard', 'Krajan Kedungsalam', 71899, 'jaustin1g@joomla.org', 'Male');
insert into Person (PersonID, PersonName, PersonAddress, PersonStreet, PersonCity, PersonZipcode, Email, Gender) values (1053, 'Hudson', '377', 'Paget', 'Aizkraukle', 76520, 'shudson1h@netlog.com', 'Female');
insert into Person (PersonID, PersonName, PersonAddress, PersonStreet, PersonCity, PersonZipcode, Email, Gender) values (1054, 'Graham', '945', 'Division', 'Huai’an', 97307, 'vgraham1i@dropbox.com', 'Male');
insert into Person (PersonID, PersonName, PersonAddress, PersonStreet, PersonCity, PersonZipcode, Email, Gender) values (1055, 'Reid', '4', 'Hovde', 'Biyong', 21140, 'treid1j@tinypic.com', 'Female');
insert into Person (PersonID, PersonName, PersonAddress, PersonStreet, PersonCity, PersonZipcode, Email, Gender) values (1056, 'Ross', '4192', 'Katie', 'Qidi', 26662, 'sross1k@opera.com', 'Male');
insert into Person (PersonID, PersonName, PersonAddress, PersonStreet, PersonCity, PersonZipcode, Email, Gender) values (1057, 'Meyer', '5', 'Sherman', 'Saatlı', 47091, 'jmeyer1l@timesonline.co.uk', 'Male');
insert into Person (PersonID, PersonName, PersonAddress, PersonStreet, PersonCity, PersonZipcode, Email, Gender) values (1058, 'Austin', '8', 'Northfield', 'Cirateun', 30013, 'kaustin1m@wikipedia.org', 'Male');
insert into Person (PersonID, PersonName, PersonAddress, PersonStreet, PersonCity, PersonZipcode, Email, Gender) values (1059, 'Porter', '550', 'Texas', 'Chinú', 70833, 'jporter1n@deviantart.com', 'Female');
insert into Person (PersonID, PersonName, PersonAddress, PersonStreet, PersonCity, PersonZipcode, Email, Gender) values (1060, 'Castillo', '6728', 'Warbler', 'Novohrad-Volyns’kyy', 82014, 'ecastillo1o@mtv.com', 'Female');
insert into Person (PersonID, PersonName, PersonAddress, PersonStreet, PersonCity, PersonZipcode, Email, Gender) values (1061, 'Alvarez', '50', 'Continental', 'Shakhty', 11512, 'calvarez1p@biglobe.ne.jp', 'Male');
insert into Person (PersonID, PersonName, PersonAddress, PersonStreet, PersonCity, PersonZipcode, Email, Gender) values (1062, 'Harris', '18', 'Granby', 'La Unión', 18027, 'jharris1q@accuweather.com', 'Male');
insert into Person (PersonID, PersonName, PersonAddress, PersonStreet, PersonCity, PersonZipcode, Email, Gender) values (1063, 'Daniels', '150', 'Calypso', 'Bagiktinggang', 71423, 'ndaniels1r@army.mil', 'Male');
insert into Person (PersonID, PersonName, PersonAddress, PersonStreet, PersonCity, PersonZipcode, Email, Gender) values (1064, 'Harvey', '18', 'Division', 'Jiaodai', 36582, 'jharvey1s@soup.io', 'Male');
insert into Person (PersonID, PersonName, PersonAddress, PersonStreet, PersonCity, PersonZipcode, Email, Gender) values (1065, 'Moreno', '0994', 'Briar Crest', 'Lidköping', 90943, 'emoreno1t@sciencedirect.com', 'Female');
insert into Person (PersonID, PersonName, PersonAddress, PersonStreet, PersonCity, PersonZipcode, Email, Gender) values (1066, 'Collins', '4557', 'Donald', 'San Pascual', 31225, 'ccollins1u@ftc.gov', 'Female');
insert into Person (PersonID, PersonName, PersonAddress, PersonStreet, PersonCity, PersonZipcode, Email, Gender) values (1067, 'Gomez', '980', 'Goodland', 'Jilma', 57375, 'rgomez1v@nsw.gov.au', 'Male');
insert into Person (PersonID, PersonName, PersonAddress, PersonStreet, PersonCity, PersonZipcode, Email, Gender) values (1068, 'Greene', '02', 'Nobel', 'Alingsås', 50530, 'hgreene1w@hostgator.com', 'Female');
insert into Person (PersonID, PersonName, PersonAddress, PersonStreet, PersonCity, PersonZipcode, Email, Gender) values (1069, 'Perkins', '8', 'Calypso', 'Lewolere', 84746, 'dperkins1x@ihg.com', 'Male');
insert into Person (PersonID, PersonName, PersonAddress, PersonStreet, PersonCity, PersonZipcode, Email, Gender) values (1070, 'Webb', '0', 'Anniversary', 'Alqueidão', 82399, 'rwebb1y@addtoany.com', 'Male');
insert into Person (PersonID, PersonName, PersonAddress, PersonStreet, PersonCity, PersonZipcode, Email, Gender) values (1071, 'Stanley', '39', '8th', 'Xinshiba', 80733, 'kstanley1z@dmoz.org', 'Male');
insert into Person (PersonID, PersonName, PersonAddress, PersonStreet, PersonCity, PersonZipcode, Email, Gender) values (1072, 'Berry', '66717', 'Jenifer', 'Taiping', 36208, 'hberry20@macromedia.com', 'Female');
insert into Person (PersonID, PersonName, PersonAddress, PersonStreet, PersonCity, PersonZipcode, Email, Gender) values (1073, 'Bowman', '75', 'Alpine', 'Tuojiang', 40468, 'jbowman21@shareasale.com', 'Male');
insert into Person (PersonID, PersonName, PersonAddress, PersonStreet, PersonCity, PersonZipcode, Email, Gender) values (1074, 'Carter', '35219', 'Bunting', 'Newport Beach', 69182, 'mcarter22@ebay.co.uk', 'Male');
insert into Person (PersonID, PersonName, PersonAddress, PersonStreet, PersonCity, PersonZipcode, Email, Gender) values (1075, 'Hudson', '18611', 'Ronald Regan', 'Xinbu', 97330, 'dhudson23@ed.gov', 'Female');
insert into Person (PersonID, PersonName, PersonAddress, PersonStreet, PersonCity, PersonZipcode, Email, Gender) values (1076, 'Ferguson', '1275', 'Oneill', 'Yermolino', 74989, 'eferguson24@reddit.com', 'Female');
insert into Person (PersonID, PersonName, PersonAddress, PersonStreet, PersonCity, PersonZipcode, Email, Gender) values (1077, 'Ward', '7', 'Pine View', 'Weitang', 75921, 'jward25@google.co.uk', 'Female');
insert into Person (PersonID, PersonName, PersonAddress, PersonStreet, PersonCity, PersonZipcode, Email, Gender) values (1078, 'Harris', '24', 'Hanover', 'Tshaneni', 71716, 'jharris26@economist.com', 'Male');
insert into Person (PersonID, PersonName, PersonAddress, PersonStreet, PersonCity, PersonZipcode, Email, Gender) values (1079, 'Baker', '3', 'Rusk', 'Jendouba', 87216, 'jbaker27@nps.gov', 'Female');
insert into Person (PersonID, PersonName, PersonAddress, PersonStreet, PersonCity, PersonZipcode, Email, Gender) values (1080, 'Miller', '70159', 'Pennsylvania', 'Patos Fshat', 72497, 'bmiller28@uiuc.edu', 'Female');
insert into Person (PersonID, PersonName, PersonAddress, PersonStreet, PersonCity, PersonZipcode, Email, Gender) values (1081, 'Rodriguez', '46', 'Redwing', 'Sakai', 77173, 'srodriguez29@reuters.com', 'Female');
insert into Person (PersonID, PersonName, PersonAddress, PersonStreet, PersonCity, PersonZipcode, Email, Gender) values (1082, 'Cunningham', '0', 'Lotheville', 'Ryazan’', 94492, 'dcunningham2a@craigslist.org', 'Female');
insert into Person (PersonID, PersonName, PersonAddress, PersonStreet, PersonCity, PersonZipcode, Email, Gender) values (1083, 'Rose', '05479', 'Cottonwood', 'Vasyl''evsky Ostrov', 58430, 'arose2b@omniture.com', 'Female');
insert into Person (PersonID, PersonName, PersonAddress, PersonStreet, PersonCity, PersonZipcode, Email, Gender) values (1084, 'Ward', '6097', 'Lien', 'Bandhagen', 97841, 'rward2c@exblog.jp', 'Male');
insert into Person (PersonID, PersonName, PersonAddress, PersonStreet, PersonCity, PersonZipcode, Email, Gender) values (1085, 'Holmes', '779', 'Loeprich', 'Huiyi', 76092, 'jholmes2d@noaa.gov', 'Male');
insert into Person (PersonID, PersonName, PersonAddress, PersonStreet, PersonCity, PersonZipcode, Email, Gender) values (1086, 'Chavez', '8158', 'Burning Wood', 'Krajan Rowokangkung', 93908, 'achavez2e@mail.ru', 'Female');
insert into Person (PersonID, PersonName, PersonAddress, PersonStreet, PersonCity, PersonZipcode, Email, Gender) values (1087, 'Williams', '8', 'Farmco', 'Skiáthos', 63208, 'ewilliams2f@nasa.gov', 'Female');
insert into Person (PersonID, PersonName, PersonAddress, PersonStreet, PersonCity, PersonZipcode, Email, Gender) values (1088, 'Bennett', '27', 'Fallview', 'Bigaa', 34726, 'jbennett2g@patch.com', 'Male');
insert into Person (PersonID, PersonName, PersonAddress, PersonStreet, PersonCity, PersonZipcode, Email, Gender) values (1089, 'Johnston', '780', 'Vernon', 'Huskvarna', 75685, 'rjohnston2h@google.fr', 'Male');
insert into Person (PersonID, PersonName, PersonAddress, PersonStreet, PersonCity, PersonZipcode, Email, Gender) values (1090, 'Watson', '4547', 'Elmside', 'Nailong', 14123, 'twatson2i@geocities.com', 'Female');
insert into Person (PersonID, PersonName, PersonAddress, PersonStreet, PersonCity, PersonZipcode, Email, Gender) values (1091, 'Wells', '3', 'Hauk', 'Domont', 23052, 'fwells2j@princeton.edu', 'Female');
insert into Person (PersonID, PersonName, PersonAddress, PersonStreet, PersonCity, PersonZipcode, Email, Gender) values (1092, 'Hudson', '828', 'Green Ridge', 'Batagay-Alyta', 57705, 'mhudson2k@ow.ly', 'Female');
insert into Person (PersonID, PersonName, PersonAddress, PersonStreet, PersonCity, PersonZipcode, Email, Gender) values (1093, 'Nguyen', '9', 'Loeprich', 'Pulaupinang', 31569, 'jnguyen2l@about.com', 'Female');
insert into Person (PersonID, PersonName, PersonAddress, PersonStreet, PersonCity, PersonZipcode, Email, Gender) values (1094, 'Reynolds', '0941', 'Browning', 'Puqian', 85234, 'greynolds2m@amazon.co.uk', 'Female');
insert into Person (PersonID, PersonName, PersonAddress, PersonStreet, PersonCity, PersonZipcode, Email, Gender) values (1095, 'Weaver', '78', 'Truax', 'Mejdan - Obilićevo', 44424, 'rweaver2n@merriam-webster.com', 'Female');
insert into Person (PersonID, PersonName, PersonAddress, PersonStreet, PersonCity, PersonZipcode, Email, Gender) values (1096, 'Torres', '378', 'Evergreen', 'Vernon', 54806, 'ltorres2o@cyberchimps.com', 'Male');
insert into Person (PersonID, PersonName, PersonAddress, PersonStreet, PersonCity, PersonZipcode, Email, Gender) values (1097, 'Fields', '827', 'Coolidge', 'Bijelo Polje', 27304, 'kfields2p@webeden.co.uk', 'Male');
insert into Person (PersonID, PersonName, PersonAddress, PersonStreet, PersonCity, PersonZipcode, Email, Gender) values (1098, 'Hawkins', '61', 'Pearson', 'Cikuning', 95442, 'nhawkins2q@studiopress.com', 'Male');
insert into Person (PersonID, PersonName, PersonAddress, PersonStreet, PersonCity, PersonZipcode, Email, Gender) values (1099, 'Kennedy', '4', 'Gina', 'Belford Roxo', 49300, 'rkennedy2r@altervista.org', 'Female');
--------------------------------------------------------
--  2: Phone 
--------------------------------------------------------
insert into Phone (PhoneNumber, PersonID, PhoneType) values ('448-646-0784', 1000, 'Mobile');
insert into Phone (PhoneNumber, PersonID, PhoneType) values ('933-479-3041', 1001, 'Home');
insert into Phone (PhoneNumber, PersonID, PhoneType) values ('761-272-0090', 1002, 'Mobile');
insert into Phone (PhoneNumber, PersonID, PhoneType) values ('200-662-2962', 1003, 'Home');
insert into Phone (PhoneNumber, PersonID, PhoneType) values ('954-282-5277', 1004, 'Home');
insert into Phone (PhoneNumber, PersonID, PhoneType) values ('281-307-1271', 1005, 'Mobile');
insert into Phone (PhoneNumber, PersonID, PhoneType) values ('992-519-7075', 1006, 'Mobile');
insert into Phone (PhoneNumber, PersonID, PhoneType) values ('750-806-3528', 1007, 'Office');
insert into Phone (PhoneNumber, PersonID, PhoneType) values ('197-033-6688', 1008, 'Mobile');
insert into Phone (PhoneNumber, PersonID, PhoneType) values ('321-794-6940', 1009, 'Office');
insert into Phone (PhoneNumber, PersonID, PhoneType) values ('834-304-6316', 1010, 'Mobile');
insert into Phone (PhoneNumber, PersonID, PhoneType) values ('545-936-9833', 1011, 'Mobile');
insert into Phone (PhoneNumber, PersonID, PhoneType) values ('355-756-6812', 1012, 'Mobile');
insert into Phone (PhoneNumber, PersonID, PhoneType) values ('653-260-6495', 1013, 'Home');
insert into Phone (PhoneNumber, PersonID, PhoneType) values ('909-279-4656', 1014, 'Office');
insert into Phone (PhoneNumber, PersonID, PhoneType) values ('103-564-0663', 1015, 'Home');
insert into Phone (PhoneNumber, PersonID, PhoneType) values ('956-398-3601', 1016, 'Home');
insert into Phone (PhoneNumber, PersonID, PhoneType) values ('476-684-3913', 1017, 'Office');
insert into Phone (PhoneNumber, PersonID, PhoneType) values ('957-574-7971', 1018, 'Home');
insert into Phone (PhoneNumber, PersonID, PhoneType) values ('095-500-4015', 1019, 'Office');
insert into Phone (PhoneNumber, PersonID, PhoneType) values ('903-254-5103', 1020, 'Mobile');
insert into Phone (PhoneNumber, PersonID, PhoneType) values ('908-195-8009', 1021, 'Mobile');
insert into Phone (PhoneNumber, PersonID, PhoneType) values ('173-718-8145', 1022, 'Home');
insert into Phone (PhoneNumber, PersonID, PhoneType) values ('733-094-1294', 1023, 'Home');
insert into Phone (PhoneNumber, PersonID, PhoneType) values ('388-442-1830', 1024, 'Home');
insert into Phone (PhoneNumber, PersonID, PhoneType) values ('147-124-8250', 1025, 'Mobile');
insert into Phone (PhoneNumber, PersonID, PhoneType) values ('166-265-9252', 1026, 'Office');
insert into Phone (PhoneNumber, PersonID, PhoneType) values ('445-919-5382', 1027, 'Home');
insert into Phone (PhoneNumber, PersonID, PhoneType) values ('144-726-4093', 1028, 'Office');
insert into Phone (PhoneNumber, PersonID, PhoneType) values ('450-726-3901', 1029, 'Office');
insert into Phone (PhoneNumber, PersonID, PhoneType) values ('403-951-9767', 1030, 'Home');
insert into Phone (PhoneNumber, PersonID, PhoneType) values ('342-536-9126', 1031, 'Mobile');
insert into Phone (PhoneNumber, PersonID, PhoneType) values ('362-748-6251', 1032, 'Mobile');
insert into Phone (PhoneNumber, PersonID, PhoneType) values ('783-528-1755', 1033, 'Office');
insert into Phone (PhoneNumber, PersonID, PhoneType) values ('747-614-6327', 1034, 'Office');
insert into Phone (PhoneNumber, PersonID, PhoneType) values ('580-524-3765', 1035, 'Office');
insert into Phone (PhoneNumber, PersonID, PhoneType) values ('158-243-7087', 1036, 'Mobile');
insert into Phone (PhoneNumber, PersonID, PhoneType) values ('670-517-4890', 1037, 'Office');
insert into Phone (PhoneNumber, PersonID, PhoneType) values ('801-469-0260', 1038, 'Home');
insert into Phone (PhoneNumber, PersonID, PhoneType) values ('098-500-0987', 1039, 'Office');
insert into Phone (PhoneNumber, PersonID, PhoneType) values ('094-787-7266', 1040, 'Office');
insert into Phone (PhoneNumber, PersonID, PhoneType) values ('789-844-3973', 1041, 'Office');
insert into Phone (PhoneNumber, PersonID, PhoneType) values ('169-688-0119', 1042, 'Mobile');
insert into Phone (PhoneNumber, PersonID, PhoneType) values ('997-207-4919', 1043, 'Home');
insert into Phone (PhoneNumber, PersonID, PhoneType) values ('987-756-0185', 1044, 'Mobile');
insert into Phone (PhoneNumber, PersonID, PhoneType) values ('418-515-3138', 1045, 'Home');
insert into Phone (PhoneNumber, PersonID, PhoneType) values ('357-194-3231', 1046, 'Office');
insert into Phone (PhoneNumber, PersonID, PhoneType) values ('172-264-0609', 1047, 'Home');
insert into Phone (PhoneNumber, PersonID, PhoneType) values ('978-561-5523', 1048, 'Mobile');
insert into Phone (PhoneNumber, PersonID, PhoneType) values ('966-751-3905', 1049, 'Office');
insert into Phone (PhoneNumber, PersonID, PhoneType) values ('838-458-4520', 1050, 'Mobile');
insert into Phone (PhoneNumber, PersonID, PhoneType) values ('343-285-8234', 1051, 'Office');
insert into Phone (PhoneNumber, PersonID, PhoneType) values ('638-264-0733', 1052, 'Mobile');
insert into Phone (PhoneNumber, PersonID, PhoneType) values ('828-173-4464', 1053, 'Home');
insert into Phone (PhoneNumber, PersonID, PhoneType) values ('491-687-6816', 1054, 'Mobile');
insert into Phone (PhoneNumber, PersonID, PhoneType) values ('599-241-9441', 1055, 'Office');
insert into Phone (PhoneNumber, PersonID, PhoneType) values ('914-746-2298', 1056, 'Mobile');
insert into Phone (PhoneNumber, PersonID, PhoneType) values ('361-090-7365', 1057, 'Office');
insert into Phone (PhoneNumber, PersonID, PhoneType) values ('916-035-3040', 1058, 'Office');
insert into Phone (PhoneNumber, PersonID, PhoneType) values ('043-118-1317', 1059, 'Office');
insert into Phone (PhoneNumber, PersonID, PhoneType) values ('395-280-1517', 1060, 'Office');
insert into Phone (PhoneNumber, PersonID, PhoneType) values ('800-220-7394', 1061, 'Home');
insert into Phone (PhoneNumber, PersonID, PhoneType) values ('482-120-4781', 1062, 'Home');
insert into Phone (PhoneNumber, PersonID, PhoneType) values ('607-336-4395', 1063, 'Mobile');
insert into Phone (PhoneNumber, PersonID, PhoneType) values ('827-479-9493', 1064, 'Mobile');
insert into Phone (PhoneNumber, PersonID, PhoneType) values ('546-118-1948', 1065, 'Mobile');
insert into Phone (PhoneNumber, PersonID, PhoneType) values ('984-074-2662', 1066, 'Home');
insert into Phone (PhoneNumber, PersonID, PhoneType) values ('807-839-6262', 1067, 'Mobile');
insert into Phone (PhoneNumber, PersonID, PhoneType) values ('339-070-4260', 1068, 'Mobile');
insert into Phone (PhoneNumber, PersonID, PhoneType) values ('116-317-7172', 1069, 'Mobile');
insert into Phone (PhoneNumber, PersonID, PhoneType) values ('077-146-3844', 1070, 'Mobile');
insert into Phone (PhoneNumber, PersonID, PhoneType) values ('610-243-9417', 1071, 'Office');
insert into Phone (PhoneNumber, PersonID, PhoneType) values ('628-357-6663', 1072, 'Office');
insert into Phone (PhoneNumber, PersonID, PhoneType) values ('488-006-1800', 1073, 'Office');
insert into Phone (PhoneNumber, PersonID, PhoneType) values ('764-979-9061', 1074, 'Home');
insert into Phone (PhoneNumber, PersonID, PhoneType) values ('284-484-4810', 1075, 'Mobile');
insert into Phone (PhoneNumber, PersonID, PhoneType) values ('733-418-9117', 1076, 'Office');
insert into Phone (PhoneNumber, PersonID, PhoneType) values ('584-013-1231', 1077, 'Office');
insert into Phone (PhoneNumber, PersonID, PhoneType) values ('987-011-1112', 1078, 'Home');
insert into Phone (PhoneNumber, PersonID, PhoneType) values ('693-609-9689', 1079, 'Office');
insert into Phone (PhoneNumber, PersonID, PhoneType) values ('256-100-0608', 1080, 'Office');
insert into Phone (PhoneNumber, PersonID, PhoneType) values ('518-484-6672', 1081, 'Office');
insert into Phone (PhoneNumber, PersonID, PhoneType) values ('037-591-6387', 1082, 'Home');
insert into Phone (PhoneNumber, PersonID, PhoneType) values ('044-505-2504', 1083, 'Office');
insert into Phone (PhoneNumber, PersonID, PhoneType) values ('674-528-9866', 1084, 'Office');
insert into Phone (PhoneNumber, PersonID, PhoneType) values ('895-466-6796', 1085, 'Mobile');
insert into Phone (PhoneNumber, PersonID, PhoneType) values ('248-590-2419', 1086, 'Home');
insert into Phone (PhoneNumber, PersonID, PhoneType) values ('844-524-4033', 1087, 'Office');
insert into Phone (PhoneNumber, PersonID, PhoneType) values ('833-575-2448', 1088, 'Office');
insert into Phone (PhoneNumber, PersonID, PhoneType) values ('733-928-6298', 1089, 'Home');
insert into Phone (PhoneNumber, PersonID, PhoneType) values ('700-731-2291', 1090, 'Office');
insert into Phone (PhoneNumber, PersonID, PhoneType) values ('192-515-7069', 1091, 'Office');
insert into Phone (PhoneNumber, PersonID, PhoneType) values ('293-809-7491', 1092, 'Office');
insert into Phone (PhoneNumber, PersonID, PhoneType) values ('236-921-5477', 1093, 'Mobile');
insert into Phone (PhoneNumber, PersonID, PhoneType) values ('584-364-7130', 1094, 'Home');
insert into Phone (PhoneNumber, PersonID, PhoneType) values ('578-772-8070', 1095, 'Mobile');
insert into Phone (PhoneNumber, PersonID, PhoneType) values ('545-293-6764', 1096, 'Mobile');
insert into Phone (PhoneNumber, PersonID, PhoneType) values ('131-507-0771', 1097, 'Mobile');
insert into Phone (PhoneNumber, PersonID, PhoneType) values ('644-846-2816', 1098, 'Mobile');
insert into Phone (PhoneNumber, PersonID, PhoneType) values ('388-996-2754', 1099, 'Mobile');

--------------------------------------------------------
--  3: Company 
--------------------------------------------------------
insert into Company (CompanyID, CompanyName, CompanyAddress, CompanyStreet, CompanyCity, CompanyZipcode, CompanySector, CompanyWebsite) values (300, 'Yotz', '68', 'Ramsey', 'Uujim', 39321, 'Food Industry', 'www.Yotz.com');
insert into Company (CompanyID, CompanyName, CompanyAddress, CompanyStreet, CompanyCity, CompanyZipcode, CompanySector, CompanyWebsite) values (301, 'Blogspan', '97080', 'Mallory', 'Floresta', 84901, 'Real Estate', 'www.Blogspan.com');
insert into Company (CompanyID, CompanyName, CompanyAddress, CompanyStreet, CompanyCity, CompanyZipcode, CompanySector, CompanyWebsite) values (302, 'Trunyx', '5', 'Fisk', 'Baharly', 64300, 'Entertainment', 'www.Trunyx.com');
insert into Company (CompanyID, CompanyName, CompanyAddress, CompanyStreet, CompanyCity, CompanyZipcode, CompanySector, CompanyWebsite) values (303, 'Skyvu', '57344', 'Lakewood', 'Xiwu', 92264, 'Entertainment', 'www.Skyvu.com');
insert into Company (CompanyID, CompanyName, CompanyAddress, CompanyStreet, CompanyCity, CompanyZipcode, CompanySector, CompanyWebsite) values (304, 'Skivee', '78', 'West', 'Tokār', 58027, 'Technology', 'www.Skivee.com');
insert into Company (CompanyID, CompanyName, CompanyAddress, CompanyStreet, CompanyCity, CompanyZipcode, CompanySector, CompanyWebsite) values (305, 'Kamba', '3272', 'Melrose', 'La Dicha', 13675, 'Entertainment', 'www.Kamba.com');
insert into Company (CompanyID, CompanyName, CompanyAddress, CompanyStreet, CompanyCity, CompanyZipcode, CompanySector, CompanyWebsite) values (306, 'Jetpulse', '89', 'Mccormick', 'Villa Florida', 31216, 'Tourism', 'www.Jetpulse.com');
insert into Company (CompanyID, CompanyName, CompanyAddress, CompanyStreet, CompanyCity, CompanyZipcode, CompanySector, CompanyWebsite) values (307, 'Youtags', '2', 'Golden Leaf', 'Włosienica', 76818, 'Technology', 'www.Youtags.com');
insert into Company (CompanyID, CompanyName, CompanyAddress, CompanyStreet, CompanyCity, CompanyZipcode, CompanySector, CompanyWebsite) values (308, 'Realcube', '6', 'Bluestem', 'Cova da Iria', 85920, 'Tourism', 'www.Realcube.com');
insert into Company (CompanyID, CompanyName, CompanyAddress, CompanyStreet, CompanyCity, CompanyZipcode, CompanySector, CompanyWebsite) values (309, 'Topicshots', '29', 'Bartillon', 'Lady Grey', 81280, 'Technology', 'www.Topicshots.com');
insert into Company (CompanyID, CompanyName, CompanyAddress, CompanyStreet, CompanyCity, CompanyZipcode, CompanySector, CompanyWebsite) values (310, 'Muxo', '6', 'Redwing', 'Umeå', 69080, 'E-commerce', 'www.Muxo.com');
insert into Company (CompanyID, CompanyName, CompanyAddress, CompanyStreet, CompanyCity, CompanyZipcode, CompanySector, CompanyWebsite) values (311, 'Edgepulse', '81539', 'Fremont', 'Cesvaine', 55846, 'Hospitality', 'www.Edgepulse.com');
insert into Company (CompanyID, CompanyName, CompanyAddress, CompanyStreet, CompanyCity, CompanyZipcode, CompanySector, CompanyWebsite) values (312, 'Skajo', '1816', 'Barnett', 'Udanin', 58803, 'Electronics', 'www.Skajo.com');
insert into Company (CompanyID, CompanyName, CompanyAddress, CompanyStreet, CompanyCity, CompanyZipcode, CompanySector, CompanyWebsite) values (313, 'Devpulse', '256', 'Mendota', 'Blessington', 26999, 'Food Industry', 'www.Devpulse.com');
insert into Company (CompanyID, CompanyName, CompanyAddress, CompanyStreet, CompanyCity, CompanyZipcode, CompanySector, CompanyWebsite) values (314, 'Yombu', '396', 'Dryden', 'Aga', 58143, 'E-commerce', 'www.Yombu.com');
insert into Company (CompanyID, CompanyName, CompanyAddress, CompanyStreet, CompanyCity, CompanyZipcode, CompanySector, CompanyWebsite) values (315, 'Voonyx', '3', 'Mccormick', 'Hullo', 68445, 'Tourism', 'www.Voonyx.com');
insert into Company (CompanyID, CompanyName, CompanyAddress, CompanyStreet, CompanyCity, CompanyZipcode, CompanySector, CompanyWebsite) values (316, 'Einti', '51', 'Reindahl', 'Divo', 70402, 'Tourism', 'www.Einti.com');
insert into Company (CompanyID, CompanyName, CompanyAddress, CompanyStreet, CompanyCity, CompanyZipcode, CompanySector, CompanyWebsite) values (317, 'Twimbo', '82', 'Bay', 'Balkh', 55794, 'Electronics', 'www.Twimbo.com');
insert into Company (CompanyID, CompanyName, CompanyAddress, CompanyStreet, CompanyCity, CompanyZipcode, CompanySector, CompanyWebsite) values (318, 'Yotz', '59488', 'Aberg', 'København', 32138, 'Hospitality', 'www.Yotz.com');
insert into Company (CompanyID, CompanyName, CompanyAddress, CompanyStreet, CompanyCity, CompanyZipcode, CompanySector, CompanyWebsite) values (319, 'Wordpedia', '26', 'Petterle', 'Jintan', 76015, 'Electronics', 'www.Wordpedia.com');
insert into Company (CompanyID, CompanyName, CompanyAddress, CompanyStreet, CompanyCity, CompanyZipcode, CompanySector, CompanyWebsite) values (320, 'Innojam', '93586', 'Petterle', 'Kebili', 19032, 'Electronics', 'www.Innojam.com');
insert into Company (CompanyID, CompanyName, CompanyAddress, CompanyStreet, CompanyCity, CompanyZipcode, CompanySector, CompanyWebsite) values (321, 'Tagcat', '23', 'Sachtjen', 'Maanas', 38623, 'Tourism', 'www.Tagcat.com');
insert into Company (CompanyID, CompanyName, CompanyAddress, CompanyStreet, CompanyCity, CompanyZipcode, CompanySector, CompanyWebsite) values (322, 'Yata', '9', 'Hayes', 'Mlawe', 11017, 'E-commerce', 'www.Yata.com');
insert into Company (CompanyID, CompanyName, CompanyAddress, CompanyStreet, CompanyCity, CompanyZipcode, CompanySector, CompanyWebsite) values (323, 'Aivee', '071', 'Graedel', 'Vientiane', 18690, 'Food Industry', 'www.Aivee.com');
insert into Company (CompanyID, CompanyName, CompanyAddress, CompanyStreet, CompanyCity, CompanyZipcode, CompanySector, CompanyWebsite) values (324, 'Thoughtbeat', '01087', 'Sycamore', 'Pajarillo', 54058, 'Technology', 'www.Thoughtbeat.com');
insert into Company (CompanyID, CompanyName, CompanyAddress, CompanyStreet, CompanyCity, CompanyZipcode, CompanySector, CompanyWebsite) values (325, 'Skippad', '5653', 'Dorton', 'Verkhn’odniprovs’k', 30695, 'E-commerce', 'www.Skippad.com');
insert into Company (CompanyID, CompanyName, CompanyAddress, CompanyStreet, CompanyCity, CompanyZipcode, CompanySector, CompanyWebsite) values (326, 'Eamia', '04', 'Ridge Oak', 'Orekhovo-Borisovo Severnoye', 66120, 'Food Industry', 'www.Eamia.com');
insert into Company (CompanyID, CompanyName, CompanyAddress, CompanyStreet, CompanyCity, CompanyZipcode, CompanySector, CompanyWebsite) values (327, 'Brightdog', '3', 'Buell', 'Město', 51638, 'Food Industry', 'www.Brightdog.com');
insert into Company (CompanyID, CompanyName, CompanyAddress, CompanyStreet, CompanyCity, CompanyZipcode, CompanySector, CompanyWebsite) values (328, 'Innojam', '3', 'Victoria', 'Le Teil', 48890, 'Electronics', 'www.Innojam.com');
insert into Company (CompanyID, CompanyName, CompanyAddress, CompanyStreet, CompanyCity, CompanyZipcode, CompanySector, CompanyWebsite) values (329, 'Zoozzy', '15', 'Golf Course', 'Coruripe', 17169, 'Electronics', 'www.Zoozzy.com');

--------------------------------------------------------
--  4: Job Profile 
--------------------------------------------------------
Insert into JobProfile (JProfileCode,JProfileTitle,JProfileDescription) values (200,'Editor','Mechanical Systems Engineer');
Insert into JobProfile (JProfileCode,JProfileTitle,JProfileDescription) values (201,'Paralegal','Chemical Engineer');
Insert into JobProfile (JProfileCode,JProfileTitle,JProfileDescription) values (202,'VP Accounting','Senior Sales Associate');
Insert into JobProfile (JProfileCode,JProfileTitle,JProfileDescription) values (203,'Internal Auditor','Office Assistant III');
Insert into JobProfile (JProfileCode,JProfileTitle,JProfileDescription) values (204,'VP Product Management','Data Coordiator');
Insert into JobProfile (JProfileCode,JProfileTitle,JProfileDescription) values (205,'Help Desk Operator','Quality Engineer');
Insert into JobProfile (JProfileCode,JProfileTitle,JProfileDescription) values (206,'Clinical Specialist','Marketing Assistant');
Insert into JobProfile (JProfileCode,JProfileTitle,JProfileDescription) values (207,'Analog Circuit Design manager','Statistician I');
Insert into JobProfile (JProfileCode,JProfileTitle,JProfileDescription) values (208,'Software Consultant','Automation Specialist III');
Insert into JobProfile (JProfileCode,JProfileTitle,JProfileDescription) values (209,'Automation Specialist I','VP Sales');
Insert into JobProfile (JProfileCode,JProfileTitle,JProfileDescription) values (210,'Pharmacist','Physical Therapy Assistant');
Insert into JobProfile (JProfileCode,JProfileTitle,JProfileDescription) values (211,'Social Worker','Teacher');
Insert into JobProfile (JProfileCode,JProfileTitle,JProfileDescription) values (212,'Accounting Assistant IV','Electrical Engineer');
Insert into JobProfile (JProfileCode,JProfileTitle,JProfileDescription) values (213,'Database Administrator IV','Biostatistician III');
Insert into JobProfile (JProfileCode,JProfileTitle,JProfileDescription) values (214,'Director of Sales','GIS Technical Architect');
Insert into JobProfile (JProfileCode,JProfileTitle,JProfileDescription) values (215,'Paralegal','Speech Pathologist');
Insert into JobProfile (JProfileCode,JProfileTitle,JProfileDescription) values (216,'Geologist IV','Nurse');
Insert into JobProfile (JProfileCode,JProfileTitle,JProfileDescription) values (217,'Operator','Sales Representative');
Insert into JobProfile (JProfileCode,JProfileTitle,JProfileDescription) values (218,'Desktop Support Technician','Project Manager');
Insert into JobProfile (JProfileCode,JProfileTitle,JProfileDescription) values (219,'Accounting Assistant III','Marketing Assistant');
Insert into JobProfile (JProfileCode,JProfileTitle,JProfileDescription) values (220,'Senior Developer','Media Manager II');
Insert into JobProfile (JProfileCode,JProfileTitle,JProfileDescription) values (221,'Account Representative IV','Sales Representative');
Insert into JobProfile (JProfileCode,JProfileTitle,JProfileDescription) values (222,'Geologist III','GIS Technical Architect');
Insert into JobProfile (JProfileCode,JProfileTitle,JProfileDescription) values (223,'Programmer III','Marketing Assistant');
Insert into JobProfile (JProfileCode,JProfileTitle,JProfileDescription) values (224,'Software Engineer IV','Dental Hygienist');
Insert into JobProfile (JProfileCode,JProfileTitle,JProfileDescription) values (225,'Biostatistician II','Teacher');
Insert into JobProfile (JProfileCode,JProfileTitle,JProfileDescription) values (226,'Developer II','Business Systems Development Analyst');
Insert into JobProfile (JProfileCode,JProfileTitle,JProfileDescription) values (227,'Business Development Analyst','Geologist IV');
Insert into JobProfile (JProfileCode,JProfileTitle,JProfileDescription) values (228,'Automation Specialist II','Chief Design Engineer');
Insert into JobProfile (JProfileCode,JProfileTitle,JProfileDescription) values (229,'Clinical Specialist','Electrical Engineer');
Insert into JobProfile (JProfileCode,JProfileTitle,JProfileDescription) values (230,'VP Product Management','Human Resources Assistant I');
Insert into JobProfile (JProfileCode,JProfileTitle,JProfileDescription) values (231,'Senior Editor','Editor');
Insert into JobProfile (JProfileCode,JProfileTitle,JProfileDescription) values (232,'Product Engineer','Research Assistant IV');
Insert into JobProfile (JProfileCode,JProfileTitle,JProfileDescription) values (233,'Civil Engineer','Engineer III');
Insert into JobProfile (JProfileCode,JProfileTitle,JProfileDescription) values (234,'Clinical Specialist','Product Engineer');
Insert into JobProfile (JProfileCode,JProfileTitle,JProfileDescription) values (235,'Automation Specialist IV','Dental Hygienist');
Insert into JobProfile (JProfileCode,JProfileTitle,JProfileDescription) values (236,'Biostatistician II','Health Coach III');
Insert into JobProfile (JProfileCode,JProfileTitle,JProfileDescription) values (237,'Software Consultant','Research Associate');
Insert into JobProfile (JProfileCode,JProfileTitle,JProfileDescription) values (238,'Financial Analyst','Paralegal');
Insert into JobProfile (JProfileCode,JProfileTitle,JProfileDescription) values (239,'Engineer I','Technical Writer');

--------------------------------------------------------
--  5: Job  
--------------------------------------------------------
insert into Job (JobCode, JobType, PayRate, PayType, CompanyID, JProfileCode) values (900, 'FullTime', 16, 'Wage', 323, 203);
insert into Job (JobCode, JobType, PayRate, PayType, CompanyID, JProfileCode) values (901, 'PartTime', 17, 'Wage', 301, 229);
insert into Job (JobCode, JobType, PayRate, PayType, CompanyID, JProfileCode) values (902, 'FullTime', 14, 'Wage', 303, 223);
insert into Job (JobCode, JobType, PayRate, PayType, CompanyID, JProfileCode) values (903, 'FullTime', 12, 'Wage', 300, 238);
insert into Job (JobCode, JobType, PayRate, PayType, CompanyID, JProfileCode) values (904, 'FullTime', 20, 'Wage', 324, 232);
insert into Job (JobCode, JobType, PayRate, PayType, CompanyID, JProfileCode) values (905, 'PartTime', 16, 'Wage', 305, 218);
insert into Job (JobCode, JobType, PayRate, PayType, CompanyID, JProfileCode) values (906, 'FullTime', 10, 'Wage', 325, 225);
insert into Job (JobCode, JobType, PayRate, PayType, CompanyID, JProfileCode) values (907, 'PartTime', 14, 'Wage', 318, 221);
insert into Job (JobCode, JobType, PayRate, PayType, CompanyID, JProfileCode) values (908, 'FullTime', 15, 'Wage', 305, 204);
insert into Job (JobCode, JobType, PayRate, PayType, CompanyID, JProfileCode) values (909, 'FullTime', 19, 'Wage', 316, 219);
insert into Job (JobCode, JobType, PayRate, PayType, CompanyID, JProfileCode) values (910, 'FullTime', 17, 'Wage', 309, 206);
insert into Job (JobCode, JobType, PayRate, PayType, CompanyID, JProfileCode) values (911, 'PartTime', 17, 'Wage', 303, 223);
insert into Job (JobCode, JobType, PayRate, PayType, CompanyID, JProfileCode) values (912, 'PartTime', 15, 'Wage', 314, 222);
insert into Job (JobCode, JobType, PayRate, PayType, CompanyID, JProfileCode) values (913, 'PartTime', 16, 'Wage', 323, 218);
insert into Job (JobCode, JobType, PayRate, PayType, CompanyID, JProfileCode) values (914, 'FullTime', 12, 'Wage', 306, 205);
insert into Job (JobCode, JobType, PayRate, PayType, CompanyID, JProfileCode) values (915, 'PartTime', 19, 'Wage', 316, 224);
insert into Job (JobCode, JobType, PayRate, PayType, CompanyID, JProfileCode) values (916, 'FullTime', 17, 'Wage', 318, 200);
insert into Job (JobCode, JobType, PayRate, PayType, CompanyID, JProfileCode) values (917, 'FullTime', 10, 'Wage', 301, 231);
insert into Job (JobCode, JobType, PayRate, PayType, CompanyID, JProfileCode) values (918, 'FullTime', 18, 'Wage', 329, 221);
insert into Job (JobCode, JobType, PayRate, PayType, CompanyID, JProfileCode) values (919, 'FullTime', 11, 'Wage', 316, 201);
insert into Job (JobCode, JobType, PayRate, PayType, CompanyID, JProfileCode) values (920, 'PartTime', 13, 'Wage', 303, 230);
insert into Job (JobCode, JobType, PayRate, PayType, CompanyID, JProfileCode) values (921, 'FullTime', 12, 'Wage', 313, 202);
insert into Job (JobCode, JobType, PayRate, PayType, CompanyID, JProfileCode) values (922, 'PartTime', 19, 'Wage', 324, 220);
insert into Job (JobCode, JobType, PayRate, PayType, CompanyID, JProfileCode) values (923, 'FullTime', 16, 'Wage', 327, 210);
insert into Job (JobCode, JobType, PayRate, PayType, CompanyID, JProfileCode) values (924, 'PartTime', 20, 'Wage', 326, 217);
insert into Job (JobCode, JobType, PayRate, PayType, CompanyID, JProfileCode) values (925, 'FullTime', 11, 'Wage', 306, 216);
insert into Job (JobCode, JobType, PayRate, PayType, CompanyID, JProfileCode) values (926, 'PartTime', 17, 'Wage', 307, 224);
insert into Job (JobCode, JobType, PayRate, PayType, CompanyID, JProfileCode) values (927, 'PartTime', 8, 'Wage', 314, 230);
insert into Job (JobCode, JobType, PayRate, PayType, CompanyID, JProfileCode) values (928, 'PartTime', 12, 'Wage', 316, 235);
insert into Job (JobCode, JobType, PayRate, PayType, CompanyID, JProfileCode) values (929, 'PartTime', 20, 'Wage', 316, 228);
insert into Job (JobCode, JobType, PayRate, PayType, CompanyID, JProfileCode) values (930, 'PartTime', 13, 'Wage', 316, 216);
insert into Job (JobCode, JobType, PayRate, PayType, CompanyID, JProfileCode) values (931, 'PartTime', 10, 'Wage', 303, 225);
insert into Job (JobCode, JobType, PayRate, PayType, CompanyID, JProfileCode) values (932, 'FullTime', 10, 'Wage', 306, 212);
insert into Job (JobCode, JobType, PayRate, PayType, CompanyID, JProfileCode) values (933, 'PartTime', 17, 'Wage', 320, 228);
insert into Job (JobCode, JobType, PayRate, PayType, CompanyID, JProfileCode) values (934, 'PartTime', 15, 'Wage', 320, 200);
insert into Job (JobCode, JobType, PayRate, PayType, CompanyID, JProfileCode) values (935, 'FullTime', 13, 'Wage', 307, 212);
insert into Job (JobCode, JobType, PayRate, PayType, CompanyID, JProfileCode) values (936, 'PartTime', 15, 'Wage', 312, 217);
insert into Job (JobCode, JobType, PayRate, PayType, CompanyID, JProfileCode) values (937, 'PartTime', 19, 'Wage', 317, 210);
insert into Job (JobCode, JobType, PayRate, PayType, CompanyID, JProfileCode) values (938, 'FullTime', 16, 'Wage', 327, 233);
insert into Job (JobCode, JobType, PayRate, PayType, CompanyID, JProfileCode) values (939, 'PartTime', 16, 'Wage', 314, 235);
insert into Job (JobCode, JobType, PayRate, PayType, CompanyID, JProfileCode) values (940, 'FullTime', 11, 'Wage', 321, 206);
insert into Job (JobCode, JobType, PayRate, PayType, CompanyID, JProfileCode) values (941, 'FullTime', 9, 'Wage', 301, 227);
insert into Job (JobCode, JobType, PayRate, PayType, CompanyID, JProfileCode) values (942, 'FullTime', 14, 'Wage', 309, 205);
insert into Job (JobCode, JobType, PayRate, PayType, CompanyID, JProfileCode) values (943, 'PartTime', 17, 'Wage', 311, 217);
insert into Job (JobCode, JobType, PayRate, PayType, CompanyID, JProfileCode) values (944, 'FullTime', 20, 'Wage', 326, 230);
insert into Job (JobCode, JobType, PayRate, PayType, CompanyID, JProfileCode) values (945, 'FullTime', 18, 'Wage', 303, 215);
insert into Job (JobCode, JobType, PayRate, PayType, CompanyID, JProfileCode) values (946, 'PartTime', 12, 'Wage', 303, 238);
insert into Job (JobCode, JobType, PayRate, PayType, CompanyID, JProfileCode) values (947, 'PartTime', 16, 'Wage', 314, 235);
insert into Job (JobCode, JobType, PayRate, PayType, CompanyID, JProfileCode) values (948, 'FullTime', 16, 'Wage', 300, 227);
insert into Job (JobCode, JobType, PayRate, PayType, CompanyID, JProfileCode) values (949, 'PartTime', 10, 'Wage', 313, 204);
insert into Job (JobCode, JobType, PayRate, PayType, CompanyID, JProfileCode) values (950, 'PartTime', 40000, 'Salary', 305, 208);
insert into Job (JobCode, JobType, PayRate, PayType, CompanyID, JProfileCode) values (951, 'FullTime', 60000, 'Salary', 307, 205);
insert into Job (JobCode, JobType, PayRate, PayType, CompanyID, JProfileCode) values (952, 'PartTime', 90000, 'Salary', 319, 219);
insert into Job (JobCode, JobType, PayRate, PayType, CompanyID, JProfileCode) values (953, 'PartTime', 75000, 'Salary', 312, 210);
insert into Job (JobCode, JobType, PayRate, PayType, CompanyID, JProfileCode) values (954, 'PartTime', 45000, 'Salary', 320, 211);
insert into Job (JobCode, JobType, PayRate, PayType, CompanyID, JProfileCode) values (955, 'PartTime', 75000, 'Salary', 321, 214);
insert into Job (JobCode, JobType, PayRate, PayType, CompanyID, JProfileCode) values (956, 'FullTime', 35000, 'Salary', 305, 225);
insert into Job (JobCode, JobType, PayRate, PayType, CompanyID, JProfileCode) values (957, 'FullTime', 75000, 'Salary', 305, 209);
insert into Job (JobCode, JobType, PayRate, PayType, CompanyID, JProfileCode) values (958, 'PartTime', 70000, 'Salary', 324, 205);
insert into Job (JobCode, JobType, PayRate, PayType, CompanyID, JProfileCode) values (959, 'PartTime', 55000, 'Salary', 324, 223);
insert into Job (JobCode, JobType, PayRate, PayType, CompanyID, JProfileCode) values (960, 'PartTime', 50000, 'Salary', 324, 226);
insert into Job (JobCode, JobType, PayRate, PayType, CompanyID, JProfileCode) values (961, 'FullTime', 70000, 'Salary', 305, 230);
insert into Job (JobCode, JobType, PayRate, PayType, CompanyID, JProfileCode) values (962, 'FullTime', 40000, 'Salary', 322, 227);
insert into Job (JobCode, JobType, PayRate, PayType, CompanyID, JProfileCode) values (963, 'FullTime', 45000, 'Salary', 322, 208);
insert into Job (JobCode, JobType, PayRate, PayType, CompanyID, JProfileCode) values (964, 'PartTime', 35000, 'Salary', 316, 237);
insert into Job (JobCode, JobType, PayRate, PayType, CompanyID, JProfileCode) values (965, 'PartTime', 35000, 'Salary', 307, 203);
insert into Job (JobCode, JobType, PayRate, PayType, CompanyID, JProfileCode) values (966, 'PartTime', 80000, 'Salary', 305, 228);
insert into Job (JobCode, JobType, PayRate, PayType, CompanyID, JProfileCode) values (967, 'FullTime', 40000, 'Salary', 320, 235);
insert into Job (JobCode, JobType, PayRate, PayType, CompanyID, JProfileCode) values (968, 'PartTime', 40000, 'Salary', 329, 239);
insert into Job (JobCode, JobType, PayRate, PayType, CompanyID, JProfileCode) values (969, 'PartTime', 90000, 'Salary', 311, 239);
insert into Job (JobCode, JobType, PayRate, PayType, CompanyID, JProfileCode) values (970, 'FullTime', 35000, 'Salary', 305, 205);
insert into Job (JobCode, JobType, PayRate, PayType, CompanyID, JProfileCode) values (971, 'PartTime', 55000, 'Salary', 304, 238);
insert into Job (JobCode, JobType, PayRate, PayType, CompanyID, JProfileCode) values (972, 'FullTime', 85000, 'Salary', 302, 221);
insert into Job (JobCode, JobType, PayRate, PayType, CompanyID, JProfileCode) values (973, 'PartTime', 85000, 'Salary', 316, 214);
insert into Job (JobCode, JobType, PayRate, PayType, CompanyID, JProfileCode) values (974, 'PartTime', 35000, 'Salary', 300, 220);
insert into Job (JobCode, JobType, PayRate, PayType, CompanyID, JProfileCode) values (975, 'PartTime', 30000, 'Salary', 323, 206);
insert into Job (JobCode, JobType, PayRate, PayType, CompanyID, JProfileCode) values (976, 'FullTime', 30000, 'Salary', 300, 205);
insert into Job (JobCode, JobType, PayRate, PayType, CompanyID, JProfileCode) values (977, 'FullTime', 45000, 'Salary', 301, 225);
insert into Job (JobCode, JobType, PayRate, PayType, CompanyID, JProfileCode) values (978, 'FullTime', 50000, 'Salary', 308, 231);
insert into Job (JobCode, JobType, PayRate, PayType, CompanyID, JProfileCode) values (979, 'PartTime', 80000, 'Salary', 315, 233);
insert into Job (JobCode, JobType, PayRate, PayType, CompanyID, JProfileCode) values (980, 'FullTime', 45000, 'Salary', 301, 200);
insert into Job (JobCode, JobType, PayRate, PayType, CompanyID, JProfileCode) values (981, 'PartTime', 75000, 'Salary', 300, 235);
insert into Job (JobCode, JobType, PayRate, PayType, CompanyID, JProfileCode) values (982, 'PartTime', 35000, 'Salary', 312, 207);
insert into Job (JobCode, JobType, PayRate, PayType, CompanyID, JProfileCode) values (983, 'FullTime', 90000, 'Salary', 328, 201);
insert into Job (JobCode, JobType, PayRate, PayType, CompanyID, JProfileCode) values (984, 'PartTime', 70000, 'Salary', 303, 210);
insert into Job (JobCode, JobType, PayRate, PayType, CompanyID, JProfileCode) values (985, 'PartTime', 65000, 'Salary', 306, 215);
insert into Job (JobCode, JobType, PayRate, PayType, CompanyID, JProfileCode) values (986, 'FullTime', 30000, 'Salary', 318, 209);
insert into Job (JobCode, JobType, PayRate, PayType, CompanyID, JProfileCode) values (987, 'PartTime', 45000, 'Salary', 317, 233);
insert into Job (JobCode, JobType, PayRate, PayType, CompanyID, JProfileCode) values (988, 'FullTime', 60000, 'Salary', 323, 210);
insert into Job (JobCode, JobType, PayRate, PayType, CompanyID, JProfileCode) values (989, 'PartTime', 60000, 'Salary', 302, 217);
insert into Job (JobCode, JobType, PayRate, PayType, CompanyID, JProfileCode) values (990, 'PartTime', 75000, 'Salary', 306, 226);
insert into Job (JobCode, JobType, PayRate, PayType, CompanyID, JProfileCode) values (991, 'PartTime', 30000, 'Salary', 323, 229);
insert into Job (JobCode, JobType, PayRate, PayType, CompanyID, JProfileCode) values (992, 'FullTime', 75000, 'Salary', 315, 217);
insert into Job (JobCode, JobType, PayRate, PayType, CompanyID, JProfileCode) values (993, 'FullTime', 35000, 'Salary', 319, 206);
insert into Job (JobCode, JobType, PayRate, PayType, CompanyID, JProfileCode) values (994, 'PartTime', 65000, 'Salary', 306, 212);
insert into Job (JobCode, JobType, PayRate, PayType, CompanyID, JProfileCode) values (995, 'FullTime', 50000, 'Salary', 319, 205);
insert into Job (JobCode, JobType, PayRate, PayType, CompanyID, JProfileCode) values (996, 'FullTime', 70000, 'Salary', 322, 235);
insert into Job (JobCode, JobType, PayRate, PayType, CompanyID, JProfileCode) values (997, 'PartTime', 55000, 'Salary', 310, 225);
insert into Job (JobCode, JobType, PayRate, PayType, CompanyID, JProfileCode) values (998, 'FullTime', 40000, 'Salary', 304, 207);
insert into Job (JobCode, JobType, PayRate, PayType, CompanyID, JProfileCode) values (999, 'FullTime', 75000, 'Salary', 320, 204);

--------------------------------------------------------
--  6: Project  
--------------------------------------------------------
Insert into Project (ProjectID,ProjectTitle,ProjectDirector,BudgetCode,ProjectStartDate,ProjectEndDate) values (469,'eExpenses enhancements','Judith Lewis','400001',to_date('19-03-13','DD-MM-RR'),to_date('19-09-15','DD-MM-RR'));
Insert into Project (ProjectID,ProjectTitle,ProjectDirector,BudgetCode,ProjectStartDate,ProjectEndDate) values (400,'Online Fine Payments','Carol Wheeler','400048',to_date('11-04-15','DD-MM-RR'),to_date('25-04-16','DD-MM-RR'));
Insert into Project (ProjectID,ProjectTitle,ProjectDirector,BudgetCode,ProjectStartDate,ProjectEndDate) values (401,'Vmware Upgrade and Enterprise Plus','Jerry Mcdonald','400040',to_date('16-11-14','DD-MM-RR'),to_date('12-03-15','DD-MM-RR'));
Insert into Project (ProjectID,ProjectTitle,ProjectDirector,BudgetCode,ProjectStartDate,ProjectEndDate) values (402,'Coldfusion upgrade for Finance applications','Steven Robertson','400017',to_date('26-01-14','DD-MM-RR'),to_date('02-02-16','DD-MM-RR'));
Insert into Project (ProjectID,ProjectTitle,ProjectDirector,BudgetCode,ProjectStartDate,ProjectEndDate) values (403,'Perspective Upgrade','Janice Sullivan','400006',to_date('20-12-13','DD-MM-RR'),to_date('04-03-16','DD-MM-RR'));
Insert into Project (ProjectID,ProjectTitle,ProjectDirector,BudgetCode,ProjectStartDate,ProjectEndDate) values (404,'Digital Image Submissions for Staff and Visitors','Joan Fox','400029',to_date('14-04-14','DD-MM-RR'),to_date('01-10-15','DD-MM-RR'));
Insert into Project (ProjectID,ProjectTitle,ProjectDirector,BudgetCode,ProjectStartDate,ProjectEndDate) values (405,'Timetabling Service Annual rebuild to 16/17','Diane Ward','400009',to_date('25-10-13','DD-MM-RR'),to_date('19-02-16','DD-MM-RR'));
Insert into Project (ProjectID,ProjectTitle,ProjectDirector,BudgetCode,ProjectStartDate,ProjectEndDate) values (406,'SAS Essential Enhancements','Howard Washington','400035',to_date('02-05-13','DD-MM-RR'),to_date('06-07-15','DD-MM-RR'));
Insert into Project (ProjectID,ProjectTitle,ProjectDirector,BudgetCode,ProjectStartDate,ProjectEndDate) values (407,'VOIP Replacement for University Telephones','Christopher Duncan','400050',to_date('09-03-14','DD-MM-RR'),to_date('24-11-15','DD-MM-RR'));
Insert into Project (ProjectID,ProjectTitle,ProjectDirector,BudgetCode,ProjectStartDate,ProjectEndDate) values (408,'eRecruitment Upgrade','Wanda Ortiz','400023',to_date('07-05-15','DD-MM-RR'),to_date('09-04-16','DD-MM-RR'));
Insert into Project (ProjectID,ProjectTitle,ProjectDirector,BudgetCode,ProjectStartDate,ProjectEndDate) values (409,'HR Transformation: Governance and Planning','Steve Ramos','400026',to_date('29-03-14','DD-MM-RR'),to_date('09-12-15','DD-MM-RR'));
Insert into Project (ProjectID,ProjectTitle,ProjectDirector,BudgetCode,ProjectStartDate,ProjectEndDate) values (410,'IDM Continuous Improvement','Brenda Richards','400022',to_date('10-12-14','DD-MM-RR'),to_date('10-07-15','DD-MM-RR'));
Insert into Project (ProjectID,ProjectTitle,ProjectDirector,BudgetCode,ProjectStartDate,ProjectEndDate) values (411,'Creation of ECRC Content on edWeb','Anna Holmes','400026',to_date('19-03-15','DD-MM-RR'),to_date('16-04-15','DD-MM-RR'));
Insert into Project (ProjectID,ProjectTitle,ProjectDirector,BudgetCode,ProjectStartDate,ProjectEndDate) values (412,'Re-Design Student Hub','David Long','400050',to_date('19-04-14','DD-MM-RR'),to_date('24-06-15','DD-MM-RR'));
Insert into Project (ProjectID,ProjectTitle,ProjectDirector,BudgetCode,ProjectStartDate,ProjectEndDate) values (413,'Changes to USS Pension Scheme','Marilyn Schmidt','400004',to_date('12-08-15','DD-MM-RR'),to_date('26-04-15','DD-MM-RR'));
Insert into Project (ProjectID,ProjectTitle,ProjectDirector,BudgetCode,ProjectStartDate,ProjectEndDate) values (414,'Capital Budgeting Evaluation','Bonnie Harris','400025',to_date('13-06-13','DD-MM-RR'),to_date('06-04-15','DD-MM-RR'));
Insert into Project (ProjectID,ProjectTitle,ProjectDirector,BudgetCode,ProjectStartDate,ProjectEndDate) values (415,'Energy Systems Consolidation','Steve Flores','400035',to_date('01-10-13','DD-MM-RR'),to_date('10-01-16','DD-MM-RR'));
Insert into Project (ProjectID,ProjectTitle,ProjectDirector,BudgetCode,ProjectStartDate,ProjectEndDate) values (416,'Library Selfcheck Equipment Supplier 2015/16','Judy Rose','400018',to_date('24-04-15','DD-MM-RR'),to_date('19-02-15','DD-MM-RR'));
Insert into Project (ProjectID,ProjectTitle,ProjectDirector,BudgetCode,ProjectStartDate,ProjectEndDate) values (417,'College migration to the university','Maria Burns','400017',to_date('04-08-13','DD-MM-RR'),to_date('23-07-15','DD-MM-RR'));
Insert into Project (ProjectID,ProjectTitle,ProjectDirector,BudgetCode,ProjectStartDate,ProjectEndDate) values (418,'Statutory Returns 15/16','Michelle Lawson','400020',to_date('21-11-13','DD-MM-RR'),to_date('08-01-16','DD-MM-RR'));
Insert into Project (ProjectID,ProjectTitle,ProjectDirector,BudgetCode,ProjectStartDate,ProjectEndDate) values (419,'Moodle Course Enrolment Management','Jesse Burns','400013',to_date('31-12-13','DD-MM-RR'),to_date('25-01-16','DD-MM-RR'));
Insert into Project (ProjectID,ProjectTitle,ProjectDirector,BudgetCode,ProjectStartDate,ProjectEndDate) values (420,'New SQL Server Database Tier Replacement','Linda Knight','400046',to_date('18-08-15','DD-MM-RR'),to_date('09-04-15','DD-MM-RR'));
Insert into Project (ProjectID,ProjectTitle,ProjectDirector,BudgetCode,ProjectStartDate,ProjectEndDate) values (421,'Continuous Improvements','Matthew Roberts','400046',to_date('28-01-14','DD-MM-RR'),to_date('27-03-16','DD-MM-RR'));
Insert into Project (ProjectID,ProjectTitle,ProjectDirector,BudgetCode,ProjectStartDate,ProjectEndDate) values (422,'Timetabling Service- Scientia Upgrade','Brenda Hansen','400030',to_date('16-07-13','DD-MM-RR'),to_date('30-12-15','DD-MM-RR'));
Insert into Project (ProjectID,ProjectTitle,ProjectDirector,BudgetCode,ProjectStartDate,ProjectEndDate) values (423,'DA - ThankQ Analysis','Ronald Kelley','400020',to_date('11-05-13','DD-MM-RR'),to_date('14-05-15','DD-MM-RR'));
Insert into Project (ProjectID,ProjectTitle,ProjectDirector,BudgetCode,ProjectStartDate,ProjectEndDate) values (424,'Uniware Cashless Catering Feed','Harry Ryan','400014',to_date('08-10-15','DD-MM-RR'),to_date('18-08-15','DD-MM-RR'));
Insert into Project (ProjectID,ProjectTitle,ProjectDirector,BudgetCode,ProjectStartDate,ProjectEndDate) values (425,'ECA Portal - VLE Learn pilot','Anna Black','400037',to_date('18-06-14','DD-MM-RR'),to_date('01-03-16','DD-MM-RR'));
Insert into Project (ProjectID,ProjectTitle,ProjectDirector,BudgetCode,ProjectStartDate,ProjectEndDate) values (426,'Chemistry Project Definition Support','Brandon Chavez','400015',to_date('01-01-15','DD-MM-RR'),to_date('27-07-15','DD-MM-RR'));
Insert into Project (ProjectID,ProjectTitle,ProjectDirector,BudgetCode,ProjectStartDate,ProjectEndDate) values (427,'ALBACS Replacement','Benjamin Murphy','400042',to_date('30-07-15','DD-MM-RR'),to_date('05-02-16','DD-MM-RR'));
Insert into Project (ProjectID,ProjectTitle,ProjectDirector,BudgetCode,ProjectStartDate,ProjectEndDate) values (428,'OPAS Migration','Helen Medina','400013',to_date('06-09-14','DD-MM-RR'),to_date('16-03-16','DD-MM-RR'));
Insert into Project (ProjectID,ProjectTitle,ProjectDirector,BudgetCode,ProjectStartDate,ProjectEndDate) values (429,'eExpenses Phase 2','Dennis Hayes','400048',to_date('28-09-15','DD-MM-RR'),to_date('10-01-16','DD-MM-RR'));
Insert into Project (ProjectID,ProjectTitle,ProjectDirector,BudgetCode,ProjectStartDate,ProjectEndDate) values (430,'Enhancing Employment Analysis','Kelly Austin','400024',to_date('10-12-13','DD-MM-RR'),to_date('19-09-15','DD-MM-RR'));
Insert into Project (ProjectID,ProjectTitle,ProjectDirector,BudgetCode,ProjectStartDate,ProjectEndDate) values (431,'VRS Improvements','Jacqueline Carter','400045',to_date('07-11-13','DD-MM-RR'),to_date('19-08-15','DD-MM-RR'));
Insert into Project (ProjectID,ProjectTitle,ProjectDirector,BudgetCode,ProjectStartDate,ProjectEndDate) values (432,'RETAIN Enhancements','Shirley Peters','400044',to_date('08-04-14','DD-MM-RR'),to_date('07-06-15','DD-MM-RR'));
Insert into Project (ProjectID,ProjectTitle,ProjectDirector,BudgetCode,ProjectStartDate,ProjectEndDate) values (433,'LMP - IDM Integration','Adam Ellis','400015',to_date('03-01-14','DD-MM-RR'),to_date('12-05-15','DD-MM-RR'));
Insert into Project (ProjectID,ProjectTitle,ProjectDirector,BudgetCode,ProjectStartDate,ProjectEndDate) values (434,'Annual Review','Shawn Griffin','400016',to_date('10-07-13','DD-MM-RR'),to_date('17-10-15','DD-MM-RR'));
Insert into Project (ProjectID,ProjectTitle,ProjectDirector,BudgetCode,ProjectStartDate,ProjectEndDate) values (435,'Datasync','Stephen Dixon','400034',to_date('07-05-15','DD-MM-RR'),to_date('13-04-16','DD-MM-RR'));
Insert into Project (ProjectID,ProjectTitle,ProjectDirector,BudgetCode,ProjectStartDate,ProjectEndDate) values (436,'QMP Upgrade','Andrea Sanchez','400006',to_date('18-05-15','DD-MM-RR'),to_date('24-07-15','DD-MM-RR'));
Insert into Project (ProjectID,ProjectTitle,ProjectDirector,BudgetCode,ProjectStartDate,ProjectEndDate) values (437,'VLE Student Analytics - Moodle Pilot','Joseph Myers','400015',to_date('02-08-14','DD-MM-RR'),to_date('14-06-15','DD-MM-RR'));
Insert into Project (ProjectID,ProjectTitle,ProjectDirector,BudgetCode,ProjectStartDate,ProjectEndDate) values (438,'Decommission Obsolete Infrastructure','Alice George','400025',to_date('28-07-14','DD-MM-RR'),to_date('28-04-16','DD-MM-RR'));
Insert into Project (ProjectID,ProjectTitle,ProjectDirector,BudgetCode,ProjectStartDate,ProjectEndDate) values (439,'CAM Small Enhancements','Tina Moreno','400032',to_date('19-03-14','DD-MM-RR'),to_date('21-10-15','DD-MM-RR'));
Insert into Project (ProjectID,ProjectTitle,ProjectDirector,BudgetCode,ProjectStartDate,ProjectEndDate) values (440,'SCS Online Forms','Sara Taylor','400024',to_date('16-04-15','DD-MM-RR'),to_date('14-08-15','DD-MM-RR'));
Insert into Project (ProjectID,ProjectTitle,ProjectDirector,BudgetCode,ProjectStartDate,ProjectEndDate) values (441,'VLE Student Analytics','Andrea Morris','400007',to_date('14-08-14','DD-MM-RR'),to_date('03-02-16','DD-MM-RR'));
Insert into Project (ProjectID,ProjectTitle,ProjectDirector,BudgetCode,ProjectStartDate,ProjectEndDate) values (442,'Course Descriptor','Jason Barnes','400010',to_date('13-06-15','DD-MM-RR'),to_date('18-07-15','DD-MM-RR'));
Insert into Project (ProjectID,ProjectTitle,ProjectDirector,BudgetCode,ProjectStartDate,ProjectEndDate) values (443,'Anatomy Museum Application','Marilyn Gonzalez','400048',to_date('14-08-13','DD-MM-RR'),to_date('05-10-15','DD-MM-RR'));
Insert into Project (ProjectID,ProjectTitle,ProjectDirector,BudgetCode,ProjectStartDate,ProjectEndDate) values (444,'Engagement Monitoring','Betty Chapman','400002',to_date('12-09-13','DD-MM-RR'),to_date('22-08-15','DD-MM-RR'));
Insert into Project (ProjectID,ProjectTitle,ProjectDirector,BudgetCode,ProjectStartDate,ProjectEndDate) values (445,'Account Ageing','Nancy Stewart','400044',to_date('31-05-14','DD-MM-RR'),to_date('13-03-15','DD-MM-RR'));
Insert into Project (ProjectID,ProjectTitle,ProjectDirector,BudgetCode,ProjectStartDate,ProjectEndDate) values (446,'MI for Direct Admissions','Carlos Griffin','400017',to_date('19-04-13','DD-MM-RR'),to_date('19-10-15','DD-MM-RR'));
Insert into Project (ProjectID,ProjectTitle,ProjectDirector,BudgetCode,ProjectStartDate,ProjectEndDate) values (447,'Implement Tribal FAQ System','Carol Barnes','400029',to_date('01-10-15','DD-MM-RR'),to_date('16-11-15','DD-MM-RR'));
Insert into Project (ProjectID,ProjectTitle,ProjectDirector,BudgetCode,ProjectStartDate,ProjectEndDate) values (448,'Upload and Communication of Awards','Jeffrey Lynch','400047',to_date('17-02-14','DD-MM-RR'),to_date('19-08-15','DD-MM-RR'));
Insert into Project (ProjectID,ProjectTitle,ProjectDirector,BudgetCode,ProjectStartDate,ProjectEndDate) values (449,'PUBS Database Migration','Harry Campbell','400008',to_date('02-08-14','DD-MM-RR'),to_date('01-09-15','DD-MM-RR'));
Insert into Project (ProjectID,ProjectTitle,ProjectDirector,BudgetCode,ProjectStartDate,ProjectEndDate) values (450,'CARS Database Migration','Samuel Henderson','400037',to_date('26-06-14','DD-MM-RR'),to_date('14-02-15','DD-MM-RR'));
Insert into Project (ProjectID,ProjectTitle,ProjectDirector,BudgetCode,ProjectStartDate,ProjectEndDate) values (451,'Moodle Upgrade','Bruce Roberts','400030',to_date('21-07-14','DD-MM-RR'),to_date('03-07-15','DD-MM-RR'));
Insert into Project (ProjectID,ProjectTitle,ProjectDirector,BudgetCode,ProjectStartDate,ProjectEndDate) values (452,'Mini Portfolio Migration','Ernest Hayes','400012',to_date('16-02-14','DD-MM-RR'),to_date('23-06-15','DD-MM-RR'));
Insert into Project (ProjectID,ProjectTitle,ProjectDirector,BudgetCode,ProjectStartDate,ProjectEndDate) values (453,'Scottish Studies Library Redevelopment','Karen King','400050',to_date('30-08-15','DD-MM-RR'),to_date('06-02-15','DD-MM-RR'));
Insert into Project (ProjectID,ProjectTitle,ProjectDirector,BudgetCode,ProjectStartDate,ProjectEndDate) values (454,'SSP Sample Project','Kelly Coleman','400030',to_date('05-07-15','DD-MM-RR'),to_date('10-03-16','DD-MM-RR'));
Insert into Project (ProjectID,ProjectTitle,ProjectDirector,BudgetCode,ProjectStartDate,ProjectEndDate) values (455,'Timetabling MVM Integration','Alice Gonzalez','400005',to_date('16-07-14','DD-MM-RR'),to_date('26-03-16','DD-MM-RR'));
Insert into Project (ProjectID,ProjectTitle,ProjectDirector,BudgetCode,ProjectStartDate,ProjectEndDate) values (456,'Agile Methods','Betty White','400023',to_date('11-06-14','DD-MM-RR'),to_date('21-04-15','DD-MM-RR'));
Insert into Project (ProjectID,ProjectTitle,ProjectDirector,BudgetCode,ProjectStartDate,ProjectEndDate) values (457,'Timetabling Scientia Upgrade','Roy Willis','400021',to_date('05-02-14','DD-MM-RR'),to_date('26-04-16','DD-MM-RR'));
Insert into Project (ProjectID,ProjectTitle,ProjectDirector,BudgetCode,ProjectStartDate,ProjectEndDate) values (458,'Statutory Returns 13/14','Sara Reyes','400014',to_date('10-02-15','DD-MM-RR'),to_date('10-03-15','DD-MM-RR'));
Insert into Project (ProjectID,ProjectTitle,ProjectDirector,BudgetCode,ProjectStartDate,ProjectEndDate) values (459,'Accommodation Services Website Hosting','Maria Long','400011',to_date('30-11-14','DD-MM-RR'),to_date('03-02-16','DD-MM-RR'));
Insert into Project (ProjectID,ProjectTitle,ProjectDirector,BudgetCode,ProjectStartDate,ProjectEndDate) values (460,'Video and Media Strategic Review','Janice Hansen','400008',to_date('25-04-14','DD-MM-RR'),to_date('21-02-16','DD-MM-RR'));
Insert into Project (ProjectID,ProjectTitle,ProjectDirector,BudgetCode,ProjectStartDate,ProjectEndDate) values (461,'Student Self Service Phase 2','Joan Romero','400014',to_date('30-09-13','DD-MM-RR'),to_date('13-04-15','DD-MM-RR'));
Insert into Project (ProjectID,ProjectTitle,ProjectDirector,BudgetCode,ProjectStartDate,ProjectEndDate) values (462,'SITS Upgrade','Scott Green','400002',to_date('24-03-14','DD-MM-RR'),to_date('07-02-16','DD-MM-RR'));
Insert into Project (ProjectID,ProjectTitle,ProjectDirector,BudgetCode,ProjectStartDate,ProjectEndDate) values (463,'Corporate Planner','Norma Lawson','400045',to_date('05-07-14','DD-MM-RR'),to_date('23-09-15','DD-MM-RR'));
Insert into Project (ProjectID,ProjectTitle,ProjectDirector,BudgetCode,ProjectStartDate,ProjectEndDate) values (464,'PATH','Lori Butler','400036',to_date('07-04-14','DD-MM-RR'),to_date('22-10-15','DD-MM-RR'));
Insert into Project (ProjectID,ProjectTitle,ProjectDirector,BudgetCode,ProjectStartDate,ProjectEndDate) values (465,'AROMA','Sara Hamilton','400044',to_date('12-01-14','DD-MM-RR'),to_date('29-11-15','DD-MM-RR'));
Insert into Project (ProjectID,ProjectTitle,ProjectDirector,BudgetCode,ProjectStartDate,ProjectEndDate) values (466,'Mobile Learn','George Gilbert','400021',to_date('24-04-14','DD-MM-RR'),to_date('23-11-15','DD-MM-RR'));
Insert into Project (ProjectID,ProjectTitle,ProjectDirector,BudgetCode,ProjectStartDate,ProjectEndDate) values (467,'UKBA Data Recording','Jason Thompson','400023',to_date('13-04-14','DD-MM-RR'),to_date('25-12-15','DD-MM-RR'));
Insert into Project (ProjectID,ProjectTitle,ProjectDirector,BudgetCode,ProjectStartDate,ProjectEndDate) values (468,'Mail Directory Upgrade','Angela Richards','400045',to_date('19-07-13','DD-MM-RR'),to_date('02-10-15','DD-MM-RR'));

--------------------------------------------------------
--  7: KnowledgeSkill  
--------------------------------------------------------
insert into KnowledgeSkill (KSCode, KSTitle, KSDescription, KSLevel) values (500, 'Assistant Professor', 'The more you know...', 'Advanced');
insert into KnowledgeSkill (KSCode, KSTitle, KSDescription, KSLevel) values (501, 'Web Designer I', 'The more you know...', 'Expert');
insert into KnowledgeSkill (KSCode, KSTitle, KSDescription, KSLevel) values (502, 'Speech Pathologist', 'The more you know...', 'Einstein');
insert into KnowledgeSkill (KSCode, KSTitle, KSDescription, KSLevel) values (503, 'Occupational Therapist', 'The more you know...', 'Advanced');
insert into KnowledgeSkill (KSCode, KSTitle, KSDescription, KSLevel) values (504, 'Structural Analysis Engineer', 'The more you know...', 'Advanced');
insert into KnowledgeSkill (KSCode, KSTitle, KSDescription, KSLevel) values (505, 'Sales Associate', 'The more you know...', 'Beginner');
insert into KnowledgeSkill (KSCode, KSTitle, KSDescription, KSLevel) values (506, 'Food Chemist', 'The more you know...', 'Einstein');
insert into KnowledgeSkill (KSCode, KSTitle, KSDescription, KSLevel) values (507, 'Senior Developer', 'The more you know...', 'Expert');
insert into KnowledgeSkill (KSCode, KSTitle, KSDescription, KSLevel) values (508, 'VP Product Management', 'The more you know...', 'Expert');
insert into KnowledgeSkill (KSCode, KSTitle, KSDescription, KSLevel) values (509, 'Chief Design Engineer', 'The more you know...', 'Expert');
insert into KnowledgeSkill (KSCode, KSTitle, KSDescription, KSLevel) values (510, 'Recruiter', 'The more you know...', 'Intermediate');
insert into KnowledgeSkill (KSCode, KSTitle, KSDescription, KSLevel) values (511, 'Staff Scientist', 'The more you know...', 'Expert');
insert into KnowledgeSkill (KSCode, KSTitle, KSDescription, KSLevel) values (512, 'Product Engineer', 'The more you know...', 'Advanced');
insert into KnowledgeSkill (KSCode, KSTitle, KSDescription, KSLevel) values (513, 'Research Nurse', 'The more you know...', 'Beginner');
insert into KnowledgeSkill (KSCode, KSTitle, KSDescription, KSLevel) values (514, 'Biostatistician III', 'The more you know...', 'Advanced');
insert into KnowledgeSkill (KSCode, KSTitle, KSDescription, KSLevel) values (515, 'Developer III', 'The more you know...', 'Expert');
insert into KnowledgeSkill (KSCode, KSTitle, KSDescription, KSLevel) values (516, 'Software Test Engineer IV', 'The more you know...', 'Intermediate');
insert into KnowledgeSkill (KSCode, KSTitle, KSDescription, KSLevel) values (517, 'Senior Developer', 'The more you know...', 'Advanced');
insert into KnowledgeSkill (KSCode, KSTitle, KSDescription, KSLevel) values (518, 'Biostatistician III', 'The more you know...', 'Einstein');
insert into KnowledgeSkill (KSCode, KSTitle, KSDescription, KSLevel) values (519, 'Mechanical Systems Engineer', 'The more you know...', 'Advanced');
insert into KnowledgeSkill (KSCode, KSTitle, KSDescription, KSLevel) values (520, 'Registered Nurse', 'The more you know...', 'Beginner');
insert into KnowledgeSkill (KSCode, KSTitle, KSDescription, KSLevel) values (521, 'Chemical Engineer', 'The more you know...', 'Expert');
insert into KnowledgeSkill (KSCode, KSTitle, KSDescription, KSLevel) values (522, 'Automation Specialist I', 'The more you know...', 'Beginner');
insert into KnowledgeSkill (KSCode, KSTitle, KSDescription, KSLevel) values (523, 'Account Executive', 'The more you know...', 'Einstein');
insert into KnowledgeSkill (KSCode, KSTitle, KSDescription, KSLevel) values (524, 'Senior Editor', 'The more you know...', 'Advanced');
insert into KnowledgeSkill (KSCode, KSTitle, KSDescription, KSLevel) values (525, 'Electrical Engineer', 'The more you know...', 'Expert');
insert into KnowledgeSkill (KSCode, KSTitle, KSDescription, KSLevel) values (526, 'Cost Accountant', 'The more you know...', 'Advanced');
insert into KnowledgeSkill (KSCode, KSTitle, KSDescription, KSLevel) values (527, 'Dental Hygienist', 'The more you know...', 'Intermediate');
insert into KnowledgeSkill (KSCode, KSTitle, KSDescription, KSLevel) values (528, 'Environmental Tech', 'The more you know...', 'Intermediate');
insert into KnowledgeSkill (KSCode, KSTitle, KSDescription, KSLevel) values (529, 'Internal Auditor', 'The more you know...', 'Advanced');
insert into KnowledgeSkill (KSCode, KSTitle, KSDescription, KSLevel) values (530, 'Biostatistician I', 'The more you know...', 'Einstein');
insert into KnowledgeSkill (KSCode, KSTitle, KSDescription, KSLevel) values (531, 'Administrative Officer', 'The more you know...', 'Beginner');
insert into KnowledgeSkill (KSCode, KSTitle, KSDescription, KSLevel) values (532, 'Research Nurse', 'The more you know...', 'Beginner');
insert into KnowledgeSkill (KSCode, KSTitle, KSDescription, KSLevel) values (533, 'Editor', 'The more you know...', 'Einstein');
insert into KnowledgeSkill (KSCode, KSTitle, KSDescription, KSLevel) values (534, 'Senior Sales Associate', 'The more you know...', 'Beginner');
insert into KnowledgeSkill (KSCode, KSTitle, KSDescription, KSLevel) values (535, 'Junior Executive', 'The more you know...', 'Expert');
insert into KnowledgeSkill (KSCode, KSTitle, KSDescription, KSLevel) values (536, 'Geological Engineer', 'The more you know...', 'Einstein');
insert into KnowledgeSkill (KSCode, KSTitle, KSDescription, KSLevel) values (537, 'Quality Engineer', 'The more you know...', 'Advanced');
insert into KnowledgeSkill (KSCode, KSTitle, KSDescription, KSLevel) values (538, 'Geological Engineer', 'The more you know...', 'Beginner');
insert into KnowledgeSkill (KSCode, KSTitle, KSDescription, KSLevel) values (539, 'Teacher', 'The more you know...', 'Einstein');
insert into KnowledgeSkill (KSCode, KSTitle, KSDescription, KSLevel) values (540, 'Geologist IV', 'The more you know...', 'Advanced');
insert into KnowledgeSkill (KSCode, KSTitle, KSDescription, KSLevel) values (541, 'Statistician III', 'The more you know...', 'Beginner');
insert into KnowledgeSkill (KSCode, KSTitle, KSDescription, KSLevel) values (542, 'Geological Engineer', 'The more you know...', 'Intermediate');
insert into KnowledgeSkill (KSCode, KSTitle, KSDescription, KSLevel) values (543, 'Budget/Accounting Analyst III', 'The more you know...', 'Einstein');
insert into KnowledgeSkill (KSCode, KSTitle, KSDescription, KSLevel) values (544, 'Media Manager III', 'The more you know...', 'Advanced');
insert into KnowledgeSkill (KSCode, KSTitle, KSDescription, KSLevel) values (545, 'Statistician III', 'The more you know...', 'Advanced');
insert into KnowledgeSkill (KSCode, KSTitle, KSDescription, KSLevel) values (546, 'Administrative Assistant II', 'The more you know...', 'Beginner');
insert into KnowledgeSkill (KSCode, KSTitle, KSDescription, KSLevel) values (547, 'Database Administrator I', 'The more you know...', 'Advanced');
insert into KnowledgeSkill (KSCode, KSTitle, KSDescription, KSLevel) values (548, 'Safety Technician III', 'The more you know...', 'Expert');
insert into KnowledgeSkill (KSCode, KSTitle, KSDescription, KSLevel) values (549, 'Systems Administrator II', 'The more you know...', 'Expert');
insert into KnowledgeSkill (KSCode, KSTitle, KSDescription, KSLevel) values (550, 'Health Coach II', 'The more you know...', 'Advanced');
insert into KnowledgeSkill (KSCode, KSTitle, KSDescription, KSLevel) values (551, 'Technical Writer', 'The more you know...', 'Expert');
insert into KnowledgeSkill (KSCode, KSTitle, KSDescription, KSLevel) values (552, 'Automation Specialist IV', 'The more you know...', 'Intermediate');
insert into KnowledgeSkill (KSCode, KSTitle, KSDescription, KSLevel) values (553, 'Help Desk Technician', 'The more you know...', 'Expert');
insert into KnowledgeSkill (KSCode, KSTitle, KSDescription, KSLevel) values (554, 'Software Engineer I', 'The more you know...', 'Advanced');
insert into KnowledgeSkill (KSCode, KSTitle, KSDescription, KSLevel) values (555, 'Research Assistant IV', 'The more you know...', 'Intermediate');
insert into KnowledgeSkill (KSCode, KSTitle, KSDescription, KSLevel) values (556, 'Nurse Practicioner', 'The more you know...', 'Advanced');
insert into KnowledgeSkill (KSCode, KSTitle, KSDescription, KSLevel) values (557, 'Mechanical Systems Engineer', 'The more you know...', 'Beginner');
insert into KnowledgeSkill (KSCode, KSTitle, KSDescription, KSLevel) values (558, 'Project Manager', 'The more you know...', 'Intermediate');
insert into KnowledgeSkill (KSCode, KSTitle, KSDescription, KSLevel) values (559, 'Environmental Specialist', 'The more you know...', 'Intermediate');

--------------------------------------------------------
--  8: Course
--------------------------------------------------------
insert into Course (CourseID, CourseTitle, CourseLevel, CourseDescription, CourseStatus, CoursePrice) values (600, 'VP Sales', 'Advanced', 'We will slap homework and assignments at you!', 'expired', 349.85);
insert into Course (CourseID, CourseTitle, CourseLevel, CourseDescription, CourseStatus, CoursePrice) values (601, 'Environmental Tech', 'Einstein', 'We will slap homework and assignments at you!', 'active', 440.02);
insert into Course (CourseID, CourseTitle, CourseLevel, CourseDescription, CourseStatus, CoursePrice) values (602, 'Geological Engineer', 'Expert', 'We will slap homework and assignments at you!', 'expired', 404.57);
insert into Course (CourseID, CourseTitle, CourseLevel, CourseDescription, CourseStatus, CoursePrice) values (603, 'Recruiter', 'Einstein', 'We will slap homework and assignments at you!', 'expired', 351.35);
insert into Course (CourseID, CourseTitle, CourseLevel, CourseDescription, CourseStatus, CoursePrice) values (604, 'Mechanical Systems Engineer', 'Intermediate', 'We will slap homework and assignments at you!', 'active', 375.06);
insert into Course (CourseID, CourseTitle, CourseLevel, CourseDescription, CourseStatus, CoursePrice) values (605, 'Administrative Assistant I', 'Beginner', 'We will slap homework and assignments at you!', 'active', 401.8);
insert into Course (CourseID, CourseTitle, CourseLevel, CourseDescription, CourseStatus, CoursePrice) values (606, 'Web Designer III', 'Einstein', 'We will slap homework and assignments at you!', 'expired', 488.92);
insert into Course (CourseID, CourseTitle, CourseLevel, CourseDescription, CourseStatus, CoursePrice) values (607, 'Financial Advisor', 'Advanced', 'We will slap homework and assignments at you!', 'active', 403.06);
insert into Course (CourseID, CourseTitle, CourseLevel, CourseDescription, CourseStatus, CoursePrice) values (608, 'Developer II', 'Expert', 'We will slap homework and assignments at you!', 'expired', 468.09);
insert into Course (CourseID, CourseTitle, CourseLevel, CourseDescription, CourseStatus, CoursePrice) values (609, 'Tax Accountant', 'Einstein', 'We will slap homework and assignments at you!', 'active', 336.64);
insert into Course (CourseID, CourseTitle, CourseLevel, CourseDescription, CourseStatus, CoursePrice) values (610, 'Librarian', 'Advanced', 'We will slap homework and assignments at you!', 'active', 433.78);
insert into Course (CourseID, CourseTitle, CourseLevel, CourseDescription, CourseStatus, CoursePrice) values (611, 'Librarian', 'Einstein', 'We will slap homework and assignments at you!', 'expired', 374.36);
insert into Course (CourseID, CourseTitle, CourseLevel, CourseDescription, CourseStatus, CoursePrice) values (612, 'Quality Engineer', 'Advanced', 'We will slap homework and assignments at you!', 'expired', 227.05);
insert into Course (CourseID, CourseTitle, CourseLevel, CourseDescription, CourseStatus, CoursePrice) values (613, 'Assistant Media Planner', 'Intermediate', 'We will slap homework and assignments at you!', 'active', 376.33);
insert into Course (CourseID, CourseTitle, CourseLevel, CourseDescription, CourseStatus, CoursePrice) values (614, 'Nurse', 'Expert', 'We will slap homework and assignments at you!', 'expired', 361.48);
insert into Course (CourseID, CourseTitle, CourseLevel, CourseDescription, CourseStatus, CoursePrice) values (615, 'Operator', 'Expert', 'We will slap homework and assignments at you!', 'expired', 368.42);
insert into Course (CourseID, CourseTitle, CourseLevel, CourseDescription, CourseStatus, CoursePrice) values (616, 'Physical Therapy Assistant', 'Intermediate', 'We will slap homework and assignments at you!', 'active', 241.86);
insert into Course (CourseID, CourseTitle, CourseLevel, CourseDescription, CourseStatus, CoursePrice) values (617, 'Nurse', 'Einstein', 'We will slap homework and assignments at you!', 'expired', 495.33);
insert into Course (CourseID, CourseTitle, CourseLevel, CourseDescription, CourseStatus, CoursePrice) values (618, 'Help Desk Operator', 'Intermediate', 'We will slap homework and assignments at you!', 'active', 248.09);
insert into Course (CourseID, CourseTitle, CourseLevel, CourseDescription, CourseStatus, CoursePrice) values (619, 'VP Product Management', 'Advanced', 'We will slap homework and assignments at you!', 'expired', 213.2);
insert into Course (CourseID, CourseTitle, CourseLevel, CourseDescription, CourseStatus, CoursePrice) values (620, 'Account Coordinator', 'Expert', 'We will slap homework and assignments at you!', 'expired', 329.95);
insert into Course (CourseID, CourseTitle, CourseLevel, CourseDescription, CourseStatus, CoursePrice) values (621, 'Financial Analyst', 'Advanced', 'We will slap homework and assignments at you!', 'active', 206.69);
insert into Course (CourseID, CourseTitle, CourseLevel, CourseDescription, CourseStatus, CoursePrice) values (622, 'Senior Cost Accountant', 'Beginner', 'We will slap homework and assignments at you!', 'expired', 352.29);
insert into Course (CourseID, CourseTitle, CourseLevel, CourseDescription, CourseStatus, CoursePrice) values (623, 'Sales Associate', 'Beginner', 'We will slap homework and assignments at you!', 'expired', 400.05);
insert into Course (CourseID, CourseTitle, CourseLevel, CourseDescription, CourseStatus, CoursePrice) values (624, 'Account Executive', 'Advanced', 'We will slap homework and assignments at you!', 'active', 213.99);
insert into Course (CourseID, CourseTitle, CourseLevel, CourseDescription, CourseStatus, CoursePrice) values (625, 'Senior Cost Accountant', 'Intermediate', 'We will slap homework and assignments at you!', 'active', 293.23);
insert into Course (CourseID, CourseTitle, CourseLevel, CourseDescription, CourseStatus, CoursePrice) values (626, 'VP Product Management', 'Expert', 'We will slap homework and assignments at you!', 'expired', 309.47);
insert into Course (CourseID, CourseTitle, CourseLevel, CourseDescription, CourseStatus, CoursePrice) values (627, 'Web Developer II', 'Beginner', 'We will slap homework and assignments at you!', 'active', 289.44);
insert into Course (CourseID, CourseTitle, CourseLevel, CourseDescription, CourseStatus, CoursePrice) values (628, 'Account Coordinator', 'Advanced', 'We will slap homework and assignments at you!', 'expired', 419.1);
insert into Course (CourseID, CourseTitle, CourseLevel, CourseDescription, CourseStatus, CoursePrice) values (629, 'Social Worker', 'Advanced', 'We will slap homework and assignments at you!', 'expired', 406.07);
insert into Course (CourseID, CourseTitle, CourseLevel, CourseDescription, CourseStatus, CoursePrice) values (630, 'Programmer II', 'Beginner', 'We will slap homework and assignments at you!', 'active', 368.55);
insert into Course (CourseID, CourseTitle, CourseLevel, CourseDescription, CourseStatus, CoursePrice) values (631, 'Office Assistant III', 'Advanced', 'We will slap homework and assignments at you!', 'expired', 486.19);
insert into Course (CourseID, CourseTitle, CourseLevel, CourseDescription, CourseStatus, CoursePrice) values (632, 'General Manager', 'Intermediate', 'We will slap homework and assignments at you!', 'expired', 286.88);
insert into Course (CourseID, CourseTitle, CourseLevel, CourseDescription, CourseStatus, CoursePrice) values (633, 'Project Manager', 'Einstein', 'We will slap homework and assignments at you!', 'active', 266.81);
insert into Course (CourseID, CourseTitle, CourseLevel, CourseDescription, CourseStatus, CoursePrice) values (634, 'Pharmacist', 'Intermediate', 'We will slap homework and assignments at you!', 'expired', 391.08);
insert into Course (CourseID, CourseTitle, CourseLevel, CourseDescription, CourseStatus, CoursePrice) values (635, 'Administrative Officer', 'Advanced', 'We will slap homework and assignments at you!', 'active', 340.6);
insert into Course (CourseID, CourseTitle, CourseLevel, CourseDescription, CourseStatus, CoursePrice) values (636, 'Environmental Specialist', 'Beginner', 'We will slap homework and assignments at you!', 'active', 401.91);
insert into Course (CourseID, CourseTitle, CourseLevel, CourseDescription, CourseStatus, CoursePrice) values (637, 'Tax Accountant', 'Beginner', 'We will slap homework and assignments at you!', 'expired', 447.05);
insert into Course (CourseID, CourseTitle, CourseLevel, CourseDescription, CourseStatus, CoursePrice) values (638, 'Desktop Support Technician', 'Advanced', 'We will slap homework and assignments at you!', 'expired', 290.85);
insert into Course (CourseID, CourseTitle, CourseLevel, CourseDescription, CourseStatus, CoursePrice) values (639, 'Research Associate', 'Expert', 'We will slap homework and assignments at you!', 'active', 455.26);

--------------------------------------------------------
--  9: Section  
--------------------------------------------------------
insert into Section (SectionID, CourseID, Year, CompleteDate, OfferedBy, Format, SectionPrice) values (101, 600, 2015, '27-Aug-2018', 'Thoughtbeat', 'Online', 234.69);
insert into Section (SectionID, CourseID, Year, CompleteDate, OfferedBy, Format, SectionPrice) values (101, 601, 2017, '27-Jan-2019', 'Flashset', 'Lecture', 287.29);
insert into Section (SectionID, CourseID, Year, CompleteDate, OfferedBy, Format, SectionPrice) values (101, 602, 2017, '13-May-2018', 'Jetwire', 'Online', 243.83);
insert into Section (SectionID, CourseID, Year, CompleteDate, OfferedBy, Format, SectionPrice) values (101, 603, 2020, '11-Jun-2017', 'Jetwire', 'Online', 367.48);
insert into Section (SectionID, CourseID, Year, CompleteDate, OfferedBy, Format, SectionPrice) values (101, 604, 2020, '15-Apr-2020', 'Topicblab', 'Online', 392.51);
insert into Section (SectionID, CourseID, Year, CompleteDate, OfferedBy, Format, SectionPrice) values (101, 605, 2018, '13-Aug-2019', 'Ainyx', 'Online', 410.37);
insert into Section (SectionID, CourseID, Year, CompleteDate, OfferedBy, Format, SectionPrice) values (101, 606, 2017, '30-Oct-2020', 'Tambee', 'Lecture', 277.36);
insert into Section (SectionID, CourseID, Year, CompleteDate, OfferedBy, Format, SectionPrice) values (101, 607, 2016, '14-May-2019', 'Ailane', 'Lecture', 431.64);
insert into Section (SectionID, CourseID, Year, CompleteDate, OfferedBy, Format, SectionPrice) values (101, 608, 2020, '22-Mar-2017', 'Lazzy', 'Lecture', 210.04);
insert into Section (SectionID, CourseID, Year, CompleteDate, OfferedBy, Format, SectionPrice) values (101, 609, 2017, '07-Nov-2017', 'Wordify', 'Lecture', 314.68);
insert into Section (SectionID, CourseID, Year, CompleteDate, OfferedBy, Format, SectionPrice) values (101, 610, 2016, '14-Nov-2018', 'Jatri', 'Online', 424.3);
insert into Section (SectionID, CourseID, Year, CompleteDate, OfferedBy, Format, SectionPrice) values (101, 611, 2016, '08-Jun-2019', 'Devify', 'Online', 254.96);
insert into Section (SectionID, CourseID, Year, CompleteDate, OfferedBy, Format, SectionPrice) values (101, 612, 2016, '30-Oct-2018', 'Zoozzy', 'Online', 392.53);
insert into Section (SectionID, CourseID, Year, CompleteDate, OfferedBy, Format, SectionPrice) values (101, 613, 2018, '06-Jun-2018', 'Jabbersphere', 'Lecture', 421.57);
insert into Section (SectionID, CourseID, Year, CompleteDate, OfferedBy, Format, SectionPrice) values (101, 614, 2019, '10-Aug-2016', 'Roombo', 'Online', 341.05);
insert into Section (SectionID, CourseID, Year, CompleteDate, OfferedBy, Format, SectionPrice) values (101, 615, 2018, '07-Sep-2016', 'Photojam', 'Online', 463.98);
insert into Section (SectionID, CourseID, Year, CompleteDate, OfferedBy, Format, SectionPrice) values (101, 616, 2018, '10-Apr-2020', 'Yakitri', 'Lecture', 451.1);
insert into Section (SectionID, CourseID, Year, CompleteDate, OfferedBy, Format, SectionPrice) values (101, 617, 2017, '14-Dec-2019', 'Jabbertype', 'Lecture', 413.26);
insert into Section (SectionID, CourseID, Year, CompleteDate, OfferedBy, Format, SectionPrice) values (101, 618, 2018, '02-Jun-2020', 'Wordtune', 'Online', 323.57);
insert into Section (SectionID, CourseID, Year, CompleteDate, OfferedBy, Format, SectionPrice) values (101, 619, 2015, '15-Jan-2016', 'Thoughtworks', 'Online', 491.07);
insert into Section (SectionID, CourseID, Year, CompleteDate, OfferedBy, Format, SectionPrice) values (101, 620, 2020, '07-Aug-2018', 'Oozz', 'Lecture', 321.76);
insert into Section (SectionID, CourseID, Year, CompleteDate, OfferedBy, Format, SectionPrice) values (101, 621, 2015, '07-Dec-2019', 'Leexo', 'Lecture', 332.06);
insert into Section (SectionID, CourseID, Year, CompleteDate, OfferedBy, Format, SectionPrice) values (101, 622, 2017, '14-May-2019', 'Jetwire', 'Online', 361.31);
insert into Section (SectionID, CourseID, Year, CompleteDate, OfferedBy, Format, SectionPrice) values (101, 623, 2016, '19-Sep-2020', 'Browsecat', 'Lecture', 447.89);
insert into Section (SectionID, CourseID, Year, CompleteDate, OfferedBy, Format, SectionPrice) values (101, 624, 2016, '10-Dec-2016', 'Realbuzz', 'Online', 475.19);
insert into Section (SectionID, CourseID, Year, CompleteDate, OfferedBy, Format, SectionPrice) values (101, 625, 2019, '25-Aug-2018', 'Shuffledrive', 'Online', 409.19);
insert into Section (SectionID, CourseID, Year, CompleteDate, OfferedBy, Format, SectionPrice) values (101, 626, 2017, '27-Jun-2019', 'Pixope', 'Lecture', 451.73);
insert into Section (SectionID, CourseID, Year, CompleteDate, OfferedBy, Format, SectionPrice) values (101, 627, 2018, '25-Sep-2017', 'Photolist', 'Lecture', 467.61);
insert into Section (SectionID, CourseID, Year, CompleteDate, OfferedBy, Format, SectionPrice) values (101, 628, 2019, '27-Oct-2016', 'Fatz', 'Online', 330.77);
insert into Section (SectionID, CourseID, Year, CompleteDate, OfferedBy, Format, SectionPrice) values (101, 629, 2018, '19-Aug-2020', 'Tambee', 'Online', 304.15);
insert into Section (SectionID, CourseID, Year, CompleteDate, OfferedBy, Format, SectionPrice) values (101, 630, 2018, '21-May-2020', 'Yodo', 'Online', 349.58);
insert into Section (SectionID, CourseID, Year, CompleteDate, OfferedBy, Format, SectionPrice) values (101, 631, 2017, '19-May-2020', 'Livefish', 'Online', 319.55);
insert into Section (SectionID, CourseID, Year, CompleteDate, OfferedBy, Format, SectionPrice) values (101, 632, 2017, '14-Feb-2017', 'Kayveo', 'Lecture', 292.46);
insert into Section (SectionID, CourseID, Year, CompleteDate, OfferedBy, Format, SectionPrice) values (101, 633, 2019, '17-Jan-2016', 'Youbridge', 'Online', 458.99);
insert into Section (SectionID, CourseID, Year, CompleteDate, OfferedBy, Format, SectionPrice) values (101, 634, 2019, '27-Jul-2016', 'Topdrive', 'Online', 497.67);
insert into Section (SectionID, CourseID, Year, CompleteDate, OfferedBy, Format, SectionPrice) values (101, 635, 2019, '22-Nov-2016', 'Devpulse', 'Lecture', 308.59);
insert into Section (SectionID, CourseID, Year, CompleteDate, OfferedBy, Format, SectionPrice) values (101, 636, 2017, '21-Jun-2020', 'Babbleblab', 'Lecture', 360.97);
insert into Section (SectionID, CourseID, Year, CompleteDate, OfferedBy, Format, SectionPrice) values (101, 637, 2016, '17-Aug-2017', 'Vinder', 'Lecture', 232.56);
insert into Section (SectionID, CourseID, Year, CompleteDate, OfferedBy, Format, SectionPrice) values (101, 638, 2016, '16-Sep-2018', 'InnoZ', 'Online', 317.53);
insert into Section (SectionID, CourseID, Year, CompleteDate, OfferedBy, Format, SectionPrice) values (101, 639, 2017, '16-May-2016', 'Oyondu', 'Lecture', 307.31);

--------------------------------------------------------
--  10 : Certificate  
--------------------------------------------------------
insert into Certificate (CertCode, CertTitle, CertDescription, ExpDate, IssuedBy, CertToolCode) values (800, 'Actuary', 'Not a normal piece of paper!', '24-May-2017', 'Chatterpoint', 84145);
insert into Certificate (CertCode, CertTitle, CertDescription, ExpDate, IssuedBy, CertToolCode) values (801, 'VP Sales', 'Not a normal piece of paper!', '06-Oct-2020', 'Yata', 36859);
insert into Certificate (CertCode, CertTitle, CertDescription, ExpDate, IssuedBy, CertToolCode) values (802, 'Safety Technician IV', 'Not a normal piece of paper!', '29-Mar-2016', 'Meemm', 92165);
insert into Certificate (CertCode, CertTitle, CertDescription, ExpDate, IssuedBy, CertToolCode) values (803, 'Accountant II', 'Not a normal piece of paper!', '12-Oct-2018', 'Dazzlesphere', 23423);
insert into Certificate (CertCode, CertTitle, CertDescription, ExpDate, IssuedBy, CertToolCode) values (804, 'Payment Adjustment Coordinator', 'Not a normal piece of paper!', '27-Nov-2015', 'Zazio', 95328);
insert into Certificate (CertCode, CertTitle, CertDescription, ExpDate, IssuedBy, CertToolCode) values (805, 'Web Designer I', 'Not a normal piece of paper!', '27-Mar-2017', 'Avamm', 22855);
insert into Certificate (CertCode, CertTitle, CertDescription, ExpDate, IssuedBy, CertToolCode) values (806, 'Programmer Analyst I', 'Not a normal piece of paper!', '31-May-2016', 'Tambee', 24191);
insert into Certificate (CertCode, CertTitle, CertDescription, ExpDate, IssuedBy, CertToolCode) values (807, 'Financial Analyst', 'Not a normal piece of paper!', '11-Jul-2017', 'Devify', 54948);
insert into Certificate (CertCode, CertTitle, CertDescription, ExpDate, IssuedBy, CertToolCode) values (808, 'VP Accounting', 'Not a normal piece of paper!', '18-Nov-2015', 'Yamia', 29928);
insert into Certificate (CertCode, CertTitle, CertDescription, ExpDate, IssuedBy, CertToolCode) values (809, 'Internal Auditor', 'Not a normal piece of paper!', '14-Feb-2017', 'Twitterlist', 96594);
insert into Certificate (CertCode, CertTitle, CertDescription, ExpDate, IssuedBy, CertToolCode) values (810, 'Senior Financial Analyst', 'Not a normal piece of paper!', '06-Jan-2020', 'Babbleset', 22567);
insert into Certificate (CertCode, CertTitle, CertDescription, ExpDate, IssuedBy, CertToolCode) values (811, 'Clinical Specialist', 'Not a normal piece of paper!', '09-May-2017', 'Rooxo', 58880);
insert into Certificate (CertCode, CertTitle, CertDescription, ExpDate, IssuedBy, CertToolCode) values (812, 'Human Resources Manager', 'Not a normal piece of paper!', '30-Sep-2018', 'Twitterworks', 59062);
insert into Certificate (CertCode, CertTitle, CertDescription, ExpDate, IssuedBy, CertToolCode) values (813, 'Help Desk Technician', 'Not a normal piece of paper!', '20-Jul-2017', 'Gigaclub', 14736);
insert into Certificate (CertCode, CertTitle, CertDescription, ExpDate, IssuedBy, CertToolCode) values (814, 'Clinical Specialist', 'Not a normal piece of paper!', '09-May-2020', 'Photobug', 48148);
insert into Certificate (CertCode, CertTitle, CertDescription, ExpDate, IssuedBy, CertToolCode) values (815, 'General Manager', 'Not a normal piece of paper!', '19-Oct-2016', 'Gabtune', 33547);
insert into Certificate (CertCode, CertTitle, CertDescription, ExpDate, IssuedBy, CertToolCode) values (816, 'Sales Representative', 'Not a normal piece of paper!', '13-Sep-2018', 'Einti', 73622);
insert into Certificate (CertCode, CertTitle, CertDescription, ExpDate, IssuedBy, CertToolCode) values (817, 'Environmental Tech', 'Not a normal piece of paper!', '16-Aug-2019', 'Blogspan', 11781);
insert into Certificate (CertCode, CertTitle, CertDescription, ExpDate, IssuedBy, CertToolCode) values (818, 'Compensation Analyst', 'Not a normal piece of paper!', '17-Sep-2019', 'Gabspot', 11549);
insert into Certificate (CertCode, CertTitle, CertDescription, ExpDate, IssuedBy, CertToolCode) values (819, 'Clinical Specialist', 'Not a normal piece of paper!', '10-Aug-2019', 'Einti', 19515);
insert into Certificate (CertCode, CertTitle, CertDescription, ExpDate, IssuedBy, CertToolCode) values (820, 'Senior Editor', 'Not a normal piece of paper!', '05-Apr-2016', 'Yodel', 81512);
insert into Certificate (CertCode, CertTitle, CertDescription, ExpDate, IssuedBy, CertToolCode) values (821, 'Assistant Manager', 'Not a normal piece of paper!', '26-Apr-2020', 'Quamba', 13293);
insert into Certificate (CertCode, CertTitle, CertDescription, ExpDate, IssuedBy, CertToolCode) values (822, 'Developer III', 'Not a normal piece of paper!', '17-Aug-2019', 'Gigazoom', 89679);
insert into Certificate (CertCode, CertTitle, CertDescription, ExpDate, IssuedBy, CertToolCode) values (823, 'Social Worker', 'Not a normal piece of paper!', '28-Nov-2015', 'Jazzy', 49617);
insert into Certificate (CertCode, CertTitle, CertDescription, ExpDate, IssuedBy, CertToolCode) values (824, 'Web Designer III', 'Not a normal piece of paper!', '29-Oct-2018', 'Agimba', 29918);
insert into Certificate (CertCode, CertTitle, CertDescription, ExpDate, IssuedBy, CertToolCode) values (825, 'Information Systems Manager', 'Not a normal piece of paper!', '09-Apr-2017', 'Flashdog', 59279);
insert into Certificate (CertCode, CertTitle, CertDescription, ExpDate, IssuedBy, CertToolCode) values (826, 'Sales Representative', 'Not a normal piece of paper!', '06-Jun-2016', 'Eimbee', 58653);
insert into Certificate (CertCode, CertTitle, CertDescription, ExpDate, IssuedBy, CertToolCode) values (827, 'Administrative Assistant IV', 'Not a normal piece of paper!', '08-Nov-2017', 'Skinix', 49793);
insert into Certificate (CertCode, CertTitle, CertDescription, ExpDate, IssuedBy, CertToolCode) values (828, 'Recruiter', 'Not a normal piece of paper!', '22-Aug-2019', 'Rhynoodle', 24831);
insert into Certificate (CertCode, CertTitle, CertDescription, ExpDate, IssuedBy, CertToolCode) values (829, 'Software Engineer II', 'Not a normal piece of paper!', '27-Mar-2016', 'Brainlounge', 25885);
insert into Certificate (CertCode, CertTitle, CertDescription, ExpDate, IssuedBy, CertToolCode) values (830, 'Financial Advisor', 'Not a normal piece of paper!', '12-May-2018', 'Tanoodle', 51674);
insert into Certificate (CertCode, CertTitle, CertDescription, ExpDate, IssuedBy, CertToolCode) values (831, 'Operator', 'Not a normal piece of paper!', '14-Feb-2019', 'Jamia', 48292);
insert into Certificate (CertCode, CertTitle, CertDescription, ExpDate, IssuedBy, CertToolCode) values (832, 'Senior Sales Associate', 'Not a normal piece of paper!', '16-Jun-2020', 'Thoughtbeat', 55089);
insert into Certificate (CertCode, CertTitle, CertDescription, ExpDate, IssuedBy, CertToolCode) values (833, 'Geological Engineer', 'Not a normal piece of paper!', '24-Dec-2015', 'Eidel', 62445);
insert into Certificate (CertCode, CertTitle, CertDescription, ExpDate, IssuedBy, CertToolCode) values (834, 'Teacher', 'Not a normal piece of paper!', '31-May-2016', 'Vitz', 48714);
insert into Certificate (CertCode, CertTitle, CertDescription, ExpDate, IssuedBy, CertToolCode) values (835, 'Compensation Analyst', 'Not a normal piece of paper!', '10-May-2017', 'Brainsphere', 35380);
insert into Certificate (CertCode, CertTitle, CertDescription, ExpDate, IssuedBy, CertToolCode) values (836, 'Executive Secretary', 'Not a normal piece of paper!', '06-Jan-2019', 'Zoozzy', 90038);
insert into Certificate (CertCode, CertTitle, CertDescription, ExpDate, IssuedBy, CertToolCode) values (837, 'Junior Executive', 'Not a normal piece of paper!', '16-Aug-2017', 'Chatterbridge', 77713);
insert into Certificate (CertCode, CertTitle, CertDescription, ExpDate, IssuedBy, CertToolCode) values (838, 'Occupational Therapist', 'Not a normal piece of paper!', '25-Sep-2020', 'Rhybox', 76235);
insert into Certificate (CertCode, CertTitle, CertDescription, ExpDate, IssuedBy, CertToolCode) values (839, 'Director of Sales', 'Not a normal piece of paper!', '08-Jul-2017', 'Shuffletag', 40770);
insert into Certificate (CertCode, CertTitle, CertDescription, ExpDate, IssuedBy, CertToolCode) values (840, 'Research Assistant IV', 'Not a normal piece of paper!', '07-Jan-2018', 'Yakitri', 42067);
insert into Certificate (CertCode, CertTitle, CertDescription, ExpDate, IssuedBy, CertToolCode) values (841, 'Compensation Analyst', 'Not a normal piece of paper!', '21-Jan-2018', 'Aivee', 12656);
insert into Certificate (CertCode, CertTitle, CertDescription, ExpDate, IssuedBy, CertToolCode) values (842, 'Systems Administrator IV', 'Not a normal piece of paper!', '22-Apr-2018', 'Plajo', 87870);
insert into Certificate (CertCode, CertTitle, CertDescription, ExpDate, IssuedBy, CertToolCode) values (843, 'Software Consultant', 'Not a normal piece of paper!', '11-Jan-2019', 'Izio', 61828);
insert into Certificate (CertCode, CertTitle, CertDescription, ExpDate, IssuedBy, CertToolCode) values (844, 'Internal Auditor', 'Not a normal piece of paper!', '21-Sep-2017', 'Gabcube', 13869);
insert into Certificate (CertCode, CertTitle, CertDescription, ExpDate, IssuedBy, CertToolCode) values (845, 'VP Product Management', 'Not a normal piece of paper!', '04-Jul-2020', 'Thoughtsphere', 16662);
insert into Certificate (CertCode, CertTitle, CertDescription, ExpDate, IssuedBy, CertToolCode) values (846, 'GIS Technical Architect', 'Not a normal piece of paper!', '17-Jul-2018', 'Viva', 18464);
insert into Certificate (CertCode, CertTitle, CertDescription, ExpDate, IssuedBy, CertToolCode) values (847, 'Accounting Assistant II', 'Not a normal piece of paper!', '14-Aug-2019', 'Rhycero', 63889);
insert into Certificate (CertCode, CertTitle, CertDescription, ExpDate, IssuedBy, CertToolCode) values (848, 'Software Engineer II', 'Not a normal piece of paper!', '07-May-2018', 'Fatz', 82041);
insert into Certificate (CertCode, CertTitle, CertDescription, ExpDate, IssuedBy, CertToolCode) values (849, 'Recruiter', 'Not a normal piece of paper!', '01-Dec-2019', 'Meeveo', 64077);

--------------------------------------------------------
--  11: Works  
--------------------------------------------------------
insert into Works (PersonID, JobCode) values (1023, 964);
insert into Works (PersonID, JobCode) values (1059, 975);
insert into Works (PersonID, JobCode) values (1077, 922);
insert into Works (PersonID, JobCode) values (1015, 985);
insert into Works (PersonID, JobCode) values (1037, 921);
insert into Works (PersonID, JobCode) values (1001, 970);
insert into Works (PersonID, JobCode) values (1091, 987);
insert into Works (PersonID, JobCode) values (1004, 928);
insert into Works (PersonID, JobCode) values (1072, 961);
insert into Works (PersonID, JobCode) values (1073, 935);
insert into Works (PersonID, JobCode) values (1033, 974);
insert into Works (PersonID, JobCode) values (1047, 939);
insert into Works (PersonID, JobCode) values (1022, 974);
insert into Works (PersonID, JobCode) values (1019, 927);
insert into Works (PersonID, JobCode) values (1033, 973);
insert into Works (PersonID, JobCode) values (1026, 902);
insert into Works (PersonID, JobCode) values (1099, 995);
insert into Works (PersonID, JobCode) values (1074, 926);
insert into Works (PersonID, JobCode) values (1025, 940);
insert into Works (PersonID, JobCode) values (1006, 931);
insert into Works (PersonID, JobCode) values (1044, 942);
insert into Works (PersonID, JobCode) values (1088, 928);
insert into Works (PersonID, JobCode) values (1062, 988);
insert into Works (PersonID, JobCode) values (1086, 914);
insert into Works (PersonID, JobCode) values (1017, 924);
insert into Works (PersonID, JobCode) values (1074, 985);
insert into Works (PersonID, JobCode) values (1016, 989);
insert into Works (PersonID, JobCode) values (1089, 957);
insert into Works (PersonID, JobCode) values (1040, 918);
insert into Works (PersonID, JobCode) values (1012, 973);
insert into Works (PersonID, JobCode) values (1060, 941);
insert into Works (PersonID, JobCode) values (1076, 908);
insert into Works (PersonID, JobCode) values (1064, 901);
insert into Works (PersonID, JobCode) values (1081, 921);
insert into Works (PersonID, JobCode) values (1020, 921);
insert into Works (PersonID, JobCode) values (1051, 943);
insert into Works (PersonID, JobCode) values (1082, 995);
insert into Works (PersonID, JobCode) values (1046, 908);
insert into Works (PersonID, JobCode) values (1009, 975);
insert into Works (PersonID, JobCode) values (1005, 972);
insert into Works (PersonID, JobCode) values (1003, 930);
insert into Works (PersonID, JobCode) values (1062, 934);
insert into Works (PersonID, JobCode) values (1079, 985);
insert into Works (PersonID, JobCode) values (1056, 944);
insert into Works (PersonID, JobCode) values (1052, 929);
insert into Works (PersonID, JobCode) values (1068, 976);
insert into Works (PersonID, JobCode) values (1008, 914);
insert into Works (PersonID, JobCode) values (1086, 976);
insert into Works (PersonID, JobCode) values (1014, 997);
insert into Works (PersonID, JobCode) values (1014, 938);
insert into Works (PersonID, JobCode) values (1058, 980);
insert into Works (PersonID, JobCode) values (1034, 947);
insert into Works (PersonID, JobCode) values (1063, 989);
insert into Works (PersonID, JobCode) values (1006, 978);
insert into Works (PersonID, JobCode) values (1093, 978);
insert into Works (PersonID, JobCode) values (1077, 991);
insert into Works (PersonID, JobCode) values (1078, 911);
insert into Works (PersonID, JobCode) values (1075, 924);
insert into Works (PersonID, JobCode) values (1052, 983);
insert into Works (PersonID, JobCode) values (1057, 903);

--------------------------------------------------------
--  13: Past Work  
--------------------------------------------------------
insert into PastWork (PersonID, JobCode, StartDate, EndDate) values (1099, 914, '07-May-2004', '21-May-2015');
insert into PastWork (PersonID, JobCode, StartDate, EndDate) values (1009, 983, '27-Jun-2008', '09-Nov-2010');
insert into PastWork (PersonID, JobCode, StartDate, EndDate) values (1078, 906, '05-Aug-2005', '21-Mar-2015');
insert into PastWork (PersonID, JobCode, StartDate, EndDate) values (1059, 992, '20-Feb-2004', '11-Nov-2013');
insert into PastWork (PersonID, JobCode, StartDate, EndDate) values (1027, 990, '19-Nov-2006', '28-Mar-2011');
insert into PastWork (PersonID, JobCode, StartDate, EndDate) values (1064, 958, '23-Mar-2004', '10-Aug-2011');
insert into PastWork (PersonID, JobCode, StartDate, EndDate) values (1096, 988, '02-Oct-2004', '14-Jun-2013');
insert into PastWork (PersonID, JobCode, StartDate, EndDate) values (1046, 964, '16-May-2004', '07-Jan-2015');
insert into PastWork (PersonID, JobCode, StartDate, EndDate) values (1051, 931, '27-Jul-2004', '27-Jan-2015');
insert into PastWork (PersonID, JobCode, StartDate, EndDate) values (1054, 990, '23-Oct-2004', '23-Apr-2014');
insert into PastWork (PersonID, JobCode, StartDate, EndDate) values (1065, 916, '11-Aug-2006', '06-Feb-2012');
insert into PastWork (PersonID, JobCode, StartDate, EndDate) values (1090, 913, '15-Jul-2008', '12-Aug-2010');
insert into PastWork (PersonID, JobCode, StartDate, EndDate) values (1083, 922, '20-Nov-2005', '02-Sep-2013');
insert into PastWork (PersonID, JobCode, StartDate, EndDate) values (1082, 925, '23-May-2004', '14-Mar-2010');
insert into PastWork (PersonID, JobCode, StartDate, EndDate) values (1031, 980, '20-Sep-2007', '13-Aug-2012');
insert into PastWork (PersonID, JobCode, StartDate, EndDate) values (1035, 944, '15-Jan-2008', '25-Oct-2015');
insert into PastWork (PersonID, JobCode, StartDate, EndDate) values (1029, 976, '04-Oct-2004', '28-Mar-2011');
insert into PastWork (PersonID, JobCode, StartDate, EndDate) values (1018, 956, '01-Feb-2008', '15-Jul-2014');
insert into PastWork (PersonID, JobCode, StartDate, EndDate) values (1070, 952, '12-Dec-2003', '24-Feb-2011');
insert into PastWork (PersonID, JobCode, StartDate, EndDate) values (1017, 904, '11-Jul-2004', '26-Oct-2014');
insert into PastWork (PersonID, JobCode, StartDate, EndDate) values (1028, 997, '21-May-2006', '27-Dec-2009');
insert into PastWork (PersonID, JobCode, StartDate, EndDate) values (1015, 917, '19-Jan-2007', '11-Aug-2013');
insert into PastWork (PersonID, JobCode, StartDate, EndDate) values (1043, 995, '11-Nov-2004', '18-Sep-2015');
insert into PastWork (PersonID, JobCode, StartDate, EndDate) values (1073, 982, '18-Dec-2007', '07-Sep-2010');
insert into PastWork (PersonID, JobCode, StartDate, EndDate) values (1080, 937, '11-Jul-2008', '09-May-2014');
insert into PastWork (PersonID, JobCode, StartDate, EndDate) values (1097, 987, '26-Aug-2007', '05-Jun-2013');
insert into PastWork (PersonID, JobCode, StartDate, EndDate) values (1024, 942, '09-Jun-2008', '25-Feb-2015');
insert into PastWork (PersonID, JobCode, StartDate, EndDate) values (1055, 974, '15-Nov-2003', '28-Jul-2015');
insert into PastWork (PersonID, JobCode, StartDate, EndDate) values (1071, 932, '12-Oct-2007', '13-Nov-2011');
insert into PastWork (PersonID, JobCode, StartDate, EndDate) values (1084, 929, '20-May-2008', '15-Jul-2015');
insert into PastWork (PersonID, JobCode, StartDate, EndDate) values (1029, 917, '12-Aug-2008', '28-Apr-2009');
insert into PastWork (PersonID, JobCode, StartDate, EndDate) values (1062, 953, '24-Sep-2004', '02-Nov-2014');
insert into PastWork (PersonID, JobCode, StartDate, EndDate) values (1057, 965, '28-May-2007', '27-Jun-2013');
insert into PastWork (PersonID, JobCode, StartDate, EndDate) values (1086, 974, '28-Oct-2005', '22-Dec-2012');
insert into PastWork (PersonID, JobCode, StartDate, EndDate) values (1082, 913, '04-Aug-2004', '20-May-2014');
insert into PastWork (PersonID, JobCode, StartDate, EndDate) values (1066, 925, '21-Aug-2004', '21-Mar-2009');
insert into PastWork (PersonID, JobCode, StartDate, EndDate) values (1091, 932, '21-Oct-2006', '14-Jul-2012');
insert into PastWork (PersonID, JobCode, StartDate, EndDate) values (1091, 909, '15-Sep-2004', '25-Jul-2012');
insert into PastWork (PersonID, JobCode, StartDate, EndDate) values (1012, 994, '20-May-2006', '23-Sep-2011');
insert into PastWork (PersonID, JobCode, StartDate, EndDate) values (1061, 969, '27-Feb-2005', '31-Dec-2008');
insert into PastWork (PersonID, JobCode, StartDate, EndDate) values (1034, 990, '09-Nov-2004', '02-Jan-2014');
insert into PastWork (PersonID, JobCode, StartDate, EndDate) values (1041, 977, '31-Aug-2005', '10-Jan-2015');
insert into PastWork (PersonID, JobCode, StartDate, EndDate) values (1079, 929, '05-Feb-2007', '23-Sep-2009');
insert into PastWork (PersonID, JobCode, StartDate, EndDate) values (1035, 954, '14-Sep-2007', '17-Nov-2009');
insert into PastWork (PersonID, JobCode, StartDate, EndDate) values (1016, 900, '15-Jul-2004', '04-Oct-2015');
insert into PastWork (PersonID, JobCode, StartDate, EndDate) values (1066, 923, '15-Mar-2005', '29-May-2010');
insert into PastWork (PersonID, JobCode, StartDate, EndDate) values (1073, 949, '23-Mar-2007', '24-Aug-2015');
insert into PastWork (PersonID, JobCode, StartDate, EndDate) values (1092, 940, '08-Oct-2006', '09-Aug-2015');
insert into PastWork (PersonID, JobCode, StartDate, EndDate) values (1082, 980, '14-Aug-2006', '31-Jul-2014');
insert into PastWork (PersonID, JobCode, StartDate, EndDate) values (1009, 919, '25-Jan-2008', '22-Jun-2015');
insert into PastWork (PersonID, JobCode, StartDate, EndDate) values (1019, 913, '28-May-2004', '06-Mar-2011');
insert into PastWork (PersonID, JobCode, StartDate, EndDate) values (1001, 961, '19-Aug-2006', '17-Nov-2010');
insert into PastWork (PersonID, JobCode, StartDate, EndDate) values (1028, 991, '02-Jan-2004', '01-Jul-2011');
insert into PastWork (PersonID, JobCode, StartDate, EndDate) values (1038, 978, '11-Sep-2005', '01-Feb-2015');
insert into PastWork (PersonID, JobCode, StartDate, EndDate) values (1061, 991, '27-Aug-2008', '15-Jul-2011');
insert into PastWork (PersonID, JobCode, StartDate, EndDate) values (1047, 921, '22-Dec-2006', '09-Nov-2011');
insert into PastWork (PersonID, JobCode, StartDate, EndDate) values (1042, 944, '26-Aug-2006', '13-Oct-2015');
insert into PastWork (PersonID, JobCode, StartDate, EndDate) values (1054, 951, '13-Nov-2006', '19-Jul-2009');
insert into PastWork (PersonID, JobCode, StartDate, EndDate) values (1064, 932, '08-Aug-2007', '23-Dec-2008');
insert into PastWork (PersonID, JobCode, StartDate, EndDate) values (1020, 970, '01-Jan-2005', '30-Jun-2009');
insert into PastWork (PersonID, JobCode, StartDate, EndDate) values (1091, 984, '30-May-2008', '05-Jun-2013');
insert into PastWork (PersonID, JobCode, StartDate, EndDate) values (1034, 961, '20-Mar-2008', '03-Jan-2013');
insert into PastWork (PersonID, JobCode, StartDate, EndDate) values (1087, 943, '09-Mar-2006', '08-Oct-2013');
insert into PastWork (PersonID, JobCode, StartDate, EndDate) values (1018, 928, '12-Aug-2005', '29-Jul-2010');
insert into PastWork (PersonID, JobCode, StartDate, EndDate) values (1015, 979, '27-Feb-2007', '17-Apr-2010');
insert into PastWork (PersonID, JobCode, StartDate, EndDate) values (1048, 938, '27-Jul-2007', '24-Oct-2013');
insert into PastWork (PersonID, JobCode, StartDate, EndDate) values (1068, 914, '30-Aug-2005', '01-Jul-2014');
insert into PastWork (PersonID, JobCode, StartDate, EndDate) values (1007, 959, '24-Nov-2005', '03-Jun-2009');
insert into PastWork (PersonID, JobCode, StartDate, EndDate) values (1018, 926, '10-Apr-2004', '09-Aug-2012');
insert into PastWork (PersonID, JobCode, StartDate, EndDate) values (1002, 903, '19-Dec-2007', '24-Mar-2015');
insert into PastWork (PersonID, JobCode, StartDate, EndDate) values (1067, 946, '27-Aug-2005', '19-Jan-2013');
insert into PastWork (PersonID, JobCode, StartDate, EndDate) values (1012, 994, '01-Jan-2005', '07-Aug-2013');
insert into PastWork (PersonID, JobCode, StartDate, EndDate) values (1027, 910, '15-Oct-2006', '17-Nov-2014');
insert into PastWork (PersonID, JobCode, StartDate, EndDate) values (1001, 955, '07-Dec-2007', '18-Jan-2012');
insert into PastWork (PersonID, JobCode, StartDate, EndDate) values (1070, 990, '20-Dec-2004', '09-May-2015');
insert into PastWork (PersonID, JobCode, StartDate, EndDate) values (1069, 989, '08-Oct-2006', '11-Mar-2011');
insert into PastWork (PersonID, JobCode, StartDate, EndDate) values (1002, 937, '01-May-2004', '10-Oct-2014');
insert into PastWork (PersonID, JobCode, StartDate, EndDate) values (1054, 963, '22-Aug-2007', '15-Aug-2013');
insert into PastWork (PersonID, JobCode, StartDate, EndDate) values (1024, 921, '12-Jul-2007', '06-Jun-2011');
insert into PastWork (PersonID, JobCode, StartDate, EndDate) values (1046, 994, '03-Jun-2008', '19-May-2013');
insert into PastWork (PersonID, JobCode, StartDate, EndDate) values (1029, 949, '12-Dec-2006', '28-Apr-2009');
insert into PastWork (PersonID, JobCode, StartDate, EndDate) values (1081, 949, '17-Dec-2006', '02-Sep-2010');
insert into PastWork (PersonID, JobCode, StartDate, EndDate) values (1085, 936, '24-May-2006', '30-Sep-2011');
insert into PastWork (PersonID, JobCode, StartDate, EndDate) values (1061, 920, '04-Dec-2004', '03-Jan-2013');
insert into PastWork (PersonID, JobCode, StartDate, EndDate) values (1023, 935, '25-Dec-2003', '05-May-2011');
insert into PastWork (PersonID, JobCode, StartDate, EndDate) values (1081, 964, '19-May-2008', '09-Dec-2013');
insert into PastWork (PersonID, JobCode, StartDate, EndDate) values (1057, 914, '21-Mar-2004', '11-Aug-2010');
insert into PastWork (PersonID, JobCode, StartDate, EndDate) values (1089, 952, '25-Nov-2003', '20-Mar-2012');
insert into PastWork (PersonID, JobCode, StartDate, EndDate) values (1093, 953, '22-May-2008', '15-Sep-2015');
insert into PastWork (PersonID, JobCode, StartDate, EndDate) values (1071, 903, '31-Aug-2007', '06-May-2013');
insert into PastWork (PersonID, JobCode, StartDate, EndDate) values (1014, 941, '23-Apr-2007', '02-Oct-2014');
insert into PastWork (PersonID, JobCode, StartDate, EndDate) values (1088, 905, '22-Feb-2006', '27-Oct-2013');
insert into PastWork (PersonID, JobCode, StartDate, EndDate) values (1048, 939, '15-Apr-2006', '03-Aug-2010');
insert into PastWork (PersonID, JobCode, StartDate, EndDate) values (1019, 912, '14-Apr-2005', '11-May-2011');
insert into PastWork (PersonID, JobCode, StartDate, EndDate) values (1065, 994, '31-Aug-2006', '18-Jul-2009');
insert into PastWork (PersonID, JobCode, StartDate, EndDate) values (1057, 915, '05-Jun-2005', '31-Aug-2012');
insert into PastWork (PersonID, JobCode, StartDate, EndDate) values (1023, 946, '11-Aug-2004', '04-Nov-2014');
insert into PastWork (PersonID, JobCode, StartDate, EndDate) values (1071, 977, '14-Dec-2004', '09-Feb-2009');
insert into PastWork (PersonID, JobCode, StartDate, EndDate) values (1061, 973, '02-Oct-2007', '17-Mar-2012');
insert into PastWork (PersonID, JobCode, StartDate, EndDate) values (1087, 984, '09-Oct-2008', '12-Jun-2013');
insert into PastWork (PersonID, JobCode, StartDate, EndDate) values (1097, 924, '09-Oct-2007', '15-Nov-2010');
insert into PastWork (PersonID, JobCode, StartDate, EndDate) values (1030, 987, '27-May-2004', '19-Nov-2011');
insert into PastWork (PersonID, JobCode, StartDate, EndDate) values (1027, 949, '26-Sep-2006', '23-Apr-2015');
insert into PastWork (PersonID, JobCode, StartDate, EndDate) values (1035, 969, '19-Oct-2004', '28-Jan-2015');
insert into PastWork (PersonID, JobCode, StartDate, EndDate) values (1063, 917, '29-Mar-2008', '19-Jan-2009');
insert into PastWork (PersonID, JobCode, StartDate, EndDate) values (1078, 990, '13-Oct-2007', '21-Apr-2012');
insert into PastWork (PersonID, JobCode, StartDate, EndDate) values (1079, 936, '20-Oct-2007', '18-Apr-2013');
insert into PastWork (PersonID, JobCode, StartDate, EndDate) values (1099, 972, '19-Mar-2008', '28-Jun-2013');
insert into PastWork (PersonID, JobCode, StartDate, EndDate) values (1030, 939, '22-Dec-2004', '26-Jan-2013');
insert into PastWork (PersonID, JobCode, StartDate, EndDate) values (1086, 914, '07-Apr-2008', '05-May-2014');
insert into PastWork (PersonID, JobCode, StartDate, EndDate) values (1055, 912, '03-Sep-2008', '28-Nov-2008');
insert into PastWork (PersonID, JobCode, StartDate, EndDate) values (1084, 966, '08-Dec-2003', '13-Dec-2012');
insert into PastWork (PersonID, JobCode, StartDate, EndDate) values (1032, 967, '11-Jul-2006', '26-Mar-2014');
insert into PastWork (PersonID, JobCode, StartDate, EndDate) values (1087, 983, '05-Nov-2003', '19-Jun-2013');
insert into PastWork (PersonID, JobCode, StartDate, EndDate) values (1053, 993, '27-Sep-2007', '28-Oct-2014');
insert into PastWork (PersonID, JobCode, StartDate, EndDate) values (1084, 937, '09-Oct-2005', '23-Oct-2013');
insert into PastWork (PersonID, JobCode, StartDate, EndDate) values (1089, 913, '22-Mar-2006', '27-Mar-2010');
insert into PastWork (PersonID, JobCode, StartDate, EndDate) values (1081, 922, '08-May-2005', '16-Jan-2015');
insert into PastWork (PersonID, JobCode, StartDate, EndDate) values (1041, 965, '12-Jun-2007', '12-Nov-2009');
insert into PastWork (PersonID, JobCode, StartDate, EndDate) values (1096, 937, '16-Nov-2006', '04-May-2009');
insert into PastWork (PersonID, JobCode, StartDate, EndDate) values (1039, 963, '25-Aug-2006', '04-May-2010');
insert into PastWork (PersonID, JobCode, StartDate, EndDate) values (1038, 945, '06-Jan-2005', '13-Aug-2014');
insert into PastWork (PersonID, JobCode, StartDate, EndDate) values (1058, 924, '21-Mar-2008', '01-Jan-2010');
insert into PastWork (PersonID, JobCode, StartDate, EndDate) values (1012, 976, '25-Sep-2007', '03-Nov-2014');
insert into PastWork (PersonID, JobCode, StartDate, EndDate) values (1031, 961, '24-Oct-2005', '21-May-2014');
insert into PastWork (PersonID, JobCode, StartDate, EndDate) values (1067, 930, '04-Feb-2007', '01-Dec-2013');
insert into PastWork (PersonID, JobCode, StartDate, EndDate) values (1094, 909, '21-Aug-2007', '19-Jan-2011');
insert into PastWork (PersonID, JobCode, StartDate, EndDate) values (1007, 952, '11-Nov-2003', '18-Oct-2010');
insert into PastWork (PersonID, JobCode, StartDate, EndDate) values (1036, 974, '04-Apr-2006', '26-Mar-2014');
insert into PastWork (PersonID, JobCode, StartDate, EndDate) values (1006, 902, '21-Nov-2004', '17-Aug-2015');
insert into PastWork (PersonID, JobCode, StartDate, EndDate) values (1008, 942, '19-Mar-2004', '02-Jun-2013');
insert into PastWork (PersonID, JobCode, StartDate, EndDate) values (1081, 922, '28-Jan-2005', '17-Nov-2011');
insert into PastWork (PersonID, JobCode, StartDate, EndDate) values (1044, 909, '18-Jan-2008', '20-Dec-2012');
insert into PastWork (PersonID, JobCode, StartDate, EndDate) values (1030, 940, '09-Nov-2004', '10-Aug-2012');
insert into PastWork (PersonID, JobCode, StartDate, EndDate) values (1074, 957, '15-Jan-2005', '07-Aug-2009');
insert into PastWork (PersonID, JobCode, StartDate, EndDate) values (1073, 997, '23-Nov-2005', '06-Mar-2011');
insert into PastWork (PersonID, JobCode, StartDate, EndDate) values (1002, 919, '20-Jan-2004', '19-Jan-2015');
insert into PastWork (PersonID, JobCode, StartDate, EndDate) values (1029, 994, '30-Sep-2007', '07-Dec-2012');
insert into PastWork (PersonID, JobCode, StartDate, EndDate) values (1076, 976, '17-Nov-2004', '14-Feb-2011');
insert into PastWork (PersonID, JobCode, StartDate, EndDate) values (1003, 923, '26-Jun-2004', '01-Oct-2011');
insert into PastWork (PersonID, JobCode, StartDate, EndDate) values (1090, 988, '10-May-2004', '03-Mar-2010');
insert into PastWork (PersonID, JobCode, StartDate, EndDate) values (1095, 969, '19-Feb-2008', '05-Sep-2010');
insert into PastWork (PersonID, JobCode, StartDate, EndDate) values (1043, 964, '21-May-2008', '02-Sep-2013');
insert into PastWork (PersonID, JobCode, StartDate, EndDate) values (1032, 987, '06-Apr-2008', '17-Jun-2015');
insert into PastWork (PersonID, JobCode, StartDate, EndDate) values (1090, 948, '28-Jun-2005', '14-Sep-2010');
insert into PastWork (PersonID, JobCode, StartDate, EndDate) values (1082, 916, '28-Oct-2006', '28-Mar-2009');
insert into PastWork (PersonID, JobCode, StartDate, EndDate) values (1032, 982, '15-Feb-2004', '05-Apr-2012');
insert into PastWork (PersonID, JobCode, StartDate, EndDate) values (1074, 928, '23-May-2004', '14-Sep-2011');
insert into PastWork (PersonID, JobCode, StartDate, EndDate) values (1006, 918, '10-Jan-2007', '03-Nov-2010');
insert into PastWork (PersonID, JobCode, StartDate, EndDate) values (1035, 930, '24-Feb-2004', '22-Aug-2010');

--------------------------------------------------------
--  13: JobInProject 
--------------------------------------------------------
insert into JobInProject (JobCode, ProjectID) values (921, 400);
insert into JobInProject (JobCode, ProjectID) values (943, 401);
insert into JobInProject (JobCode, ProjectID) values (955, 402);
insert into JobInProject (JobCode, ProjectID) values (915, 403);
insert into JobInProject (JobCode, ProjectID) values (976, 404);
insert into JobInProject (JobCode, ProjectID) values (909, 405);
insert into JobInProject (JobCode, ProjectID) values (939, 406);
insert into JobInProject (JobCode, ProjectID) values (960, 407);
insert into JobInProject (JobCode, ProjectID) values (919, 408);
insert into JobInProject (JobCode, ProjectID) values (992, 409);
insert into JobInProject (JobCode, ProjectID) values (934, 410);
insert into JobInProject (JobCode, ProjectID) values (991, 411);
insert into JobInProject (JobCode, ProjectID) values (957, 412);
insert into JobInProject (JobCode, ProjectID) values (953, 413);
insert into JobInProject (JobCode, ProjectID) values (983, 414);
insert into JobInProject (JobCode, ProjectID) values (971, 415);
insert into JobInProject (JobCode, ProjectID) values (913, 416);
insert into JobInProject (JobCode, ProjectID) values (948, 417);
insert into JobInProject (JobCode, ProjectID) values (985, 418);
insert into JobInProject (JobCode, ProjectID) values (918, 419);
insert into JobInProject (JobCode, ProjectID) values (982, 420);
insert into JobInProject (JobCode, ProjectID) values (901, 421);
insert into JobInProject (JobCode, ProjectID) values (960, 422);
insert into JobInProject (JobCode, ProjectID) values (987, 423);
insert into JobInProject (JobCode, ProjectID) values (935, 424);
insert into JobInProject (JobCode, ProjectID) values (941, 425);
insert into JobInProject (JobCode, ProjectID) values (915, 426);
insert into JobInProject (JobCode, ProjectID) values (980, 427);
insert into JobInProject (JobCode, ProjectID) values (938, 428);
insert into JobInProject (JobCode, ProjectID) values (996, 429);
insert into JobInProject (JobCode, ProjectID) values (903, 430);
insert into JobInProject (JobCode, ProjectID) values (983, 431);
insert into JobInProject (JobCode, ProjectID) values (986, 432);
insert into JobInProject (JobCode, ProjectID) values (971, 433);
insert into JobInProject (JobCode, ProjectID) values (901, 434);
insert into JobInProject (JobCode, ProjectID) values (930, 435);
insert into JobInProject (JobCode, ProjectID) values (956, 436);
insert into JobInProject (JobCode, ProjectID) values (926, 437);
insert into JobInProject (JobCode, ProjectID) values (942, 438);
insert into JobInProject (JobCode, ProjectID) values (929, 439);
insert into JobInProject (JobCode, ProjectID) values (997, 440);
insert into JobInProject (JobCode, ProjectID) values (942, 441);
insert into JobInProject (JobCode, ProjectID) values (901, 442);
insert into JobInProject (JobCode, ProjectID) values (989, 443);
insert into JobInProject (JobCode, ProjectID) values (941, 445);
insert into JobInProject (JobCode, ProjectID) values (902, 446);
insert into JobInProject (JobCode, ProjectID) values (902, 447);
insert into JobInProject (JobCode, ProjectID) values (942, 448);
insert into JobInProject (JobCode, ProjectID) values (950, 449);
insert into JobInProject (JobCode, ProjectID) values (976, 450);
insert into JobInProject (JobCode, ProjectID) values (950, 451);
insert into JobInProject (JobCode, ProjectID) values (918, 452);
insert into JobInProject (JobCode, ProjectID) values (979, 453);
insert into JobInProject (JobCode, ProjectID) values (946, 454);
insert into JobInProject (JobCode, ProjectID) values (992, 455);
insert into JobInProject (JobCode, ProjectID) values (943, 456);
insert into JobInProject (JobCode, ProjectID) values (966, 457);
insert into JobInProject (JobCode, ProjectID) values (944, 458);
insert into JobInProject (JobCode, ProjectID) values (924, 459);
insert into JobInProject (JobCode, ProjectID) values (971, 460);
insert into JobInProject (JobCode, ProjectID) values (957, 461);
insert into JobInProject (JobCode, ProjectID) values (932, 462);
insert into JobInProject (JobCode, ProjectID) values (980, 463);
insert into JobInProject (JobCode, ProjectID) values (923, 464);
insert into JobInProject (JobCode, ProjectID) values (930, 465);
insert into JobInProject (JobCode, ProjectID) values (927, 466);
insert into JobInProject (JobCode, ProjectID) values (996, 467);
insert into JobInProject (JobCode, ProjectID) values (973, 468);
insert into JobInProject (JobCode, ProjectID) values (973, 469);
insert into JobInProject (JobCode, ProjectID) values (968, 400);
insert into JobInProject (JobCode, ProjectID) values (914, 401);
insert into JobInProject (JobCode, ProjectID) values (926, 402);
insert into JobInProject (JobCode, ProjectID) values (949, 403);
insert into JobInProject (JobCode, ProjectID) values (951, 404);
insert into JobInProject (JobCode, ProjectID) values (924, 405);
insert into JobInProject (JobCode, ProjectID) values (924, 406);
insert into JobInProject (JobCode, ProjectID) values (911, 407);
insert into JobInProject (JobCode, ProjectID) values (922, 408);
insert into JobInProject (JobCode, ProjectID) values (966, 409);
insert into JobInProject (JobCode, ProjectID) values (946, 410);
insert into JobInProject (JobCode, ProjectID) values (953, 411);
insert into JobInProject (JobCode, ProjectID) values (933, 412);
insert into JobInProject (JobCode, ProjectID) values (986, 413);
insert into JobInProject (JobCode, ProjectID) values (919, 414);
insert into JobInProject (JobCode, ProjectID) values (999, 415);
insert into JobInProject (JobCode, ProjectID) values (948, 416);
insert into JobInProject (JobCode, ProjectID) values (964, 417);
insert into JobInProject (JobCode, ProjectID) values (914, 418);
insert into JobInProject (JobCode, ProjectID) values (907, 419);
insert into JobInProject (JobCode, ProjectID) values (931, 420);
insert into JobInProject (JobCode, ProjectID) values (975, 421);
insert into JobInProject (JobCode, ProjectID) values (936, 422);
insert into JobInProject (JobCode, ProjectID) values (963, 423);
insert into JobInProject (JobCode, ProjectID) values (963, 424);
insert into JobInProject (JobCode, ProjectID) values (986, 425);
insert into JobInProject (JobCode, ProjectID) values (988, 426);
insert into JobInProject (JobCode, ProjectID) values (923, 427);
insert into JobInProject (JobCode, ProjectID) values (944, 428);
insert into JobInProject (JobCode, ProjectID) values (961, 429);
insert into JobInProject (JobCode, ProjectID) values (973, 430);
insert into JobInProject (JobCode, ProjectID) values (973, 431);
insert into JobInProject (JobCode, ProjectID) values (906, 432);
insert into JobInProject (JobCode, ProjectID) values (985, 433);
insert into JobInProject (JobCode, ProjectID) values (908, 434);
insert into JobInProject (JobCode, ProjectID) values (957, 435);
insert into JobInProject (JobCode, ProjectID) values (969, 436);
insert into JobInProject (JobCode, ProjectID) values (971, 437);
insert into JobInProject (JobCode, ProjectID) values (929, 438);
insert into JobInProject (JobCode, ProjectID) values (960, 439);
insert into JobInProject (JobCode, ProjectID) values (999, 440);
insert into JobInProject (JobCode, ProjectID) values (925, 441);
insert into JobInProject (JobCode, ProjectID) values (927, 442);
insert into JobInProject (JobCode, ProjectID) values (905, 443);
insert into JobInProject (JobCode, ProjectID) values (933, 444);
insert into JobInProject (JobCode, ProjectID) values (965, 445);
insert into JobInProject (JobCode, ProjectID) values (981, 446);
insert into JobInProject (JobCode, ProjectID) values (972, 447);
insert into JobInProject (JobCode, ProjectID) values (954, 448);
insert into JobInProject (JobCode, ProjectID) values (937, 449);
insert into JobInProject (JobCode, ProjectID) values (939, 450);
insert into JobInProject (JobCode, ProjectID) values (961, 451);
insert into JobInProject (JobCode, ProjectID) values (910, 452);
insert into JobInProject (JobCode, ProjectID) values (963, 453);
insert into JobInProject (JobCode, ProjectID) values (922, 454);
insert into JobInProject (JobCode, ProjectID) values (947, 455);
insert into JobInProject (JobCode, ProjectID) values (991, 456);
insert into JobInProject (JobCode, ProjectID) values (986, 457);
insert into JobInProject (JobCode, ProjectID) values (978, 458);
insert into JobInProject (JobCode, ProjectID) values (921, 459);
insert into JobInProject (JobCode, ProjectID) values (910, 460);
insert into JobInProject (JobCode, ProjectID) values (961, 461);
insert into JobInProject (JobCode, ProjectID) values (905, 462);
insert into JobInProject (JobCode, ProjectID) values (948, 463);
insert into JobInProject (JobCode, ProjectID) values (959, 464);
insert into JobInProject (JobCode, ProjectID) values (975, 465);
insert into JobInProject (JobCode, ProjectID) values (917, 466);
insert into JobInProject (JobCode, ProjectID) values (977, 467);
insert into JobInProject (JobCode, ProjectID) values (923, 468);
insert into JobInProject (JobCode, ProjectID) values (940, 469);
insert into JobInProject (JobCode, ProjectID) values (990, 400);
insert into JobInProject (JobCode, ProjectID) values (984, 401);
insert into JobInProject (JobCode, ProjectID) values (910, 402);
insert into JobInProject (JobCode, ProjectID) values (911, 403);
insert into JobInProject (JobCode, ProjectID) values (979, 404);
insert into JobInProject (JobCode, ProjectID) values (920, 405);
insert into JobInProject (JobCode, ProjectID) values (965, 407);
insert into JobInProject (JobCode, ProjectID) values (912, 408);
insert into JobInProject (JobCode, ProjectID) values (949, 409);
insert into JobInProject (JobCode, ProjectID) values (969, 410);
insert into JobInProject (JobCode, ProjectID) values (915, 411);
insert into JobInProject (JobCode, ProjectID) values (944, 412);
insert into JobInProject (JobCode, ProjectID) values (950, 413);
insert into JobInProject (JobCode, ProjectID) values (955, 414);
insert into JobInProject (JobCode, ProjectID) values (957, 415);
insert into JobInProject (JobCode, ProjectID) values (985, 416);
insert into JobInProject (JobCode, ProjectID) values (908, 417);
insert into JobInProject (JobCode, ProjectID) values (909, 418);
insert into JobInProject (JobCode, ProjectID) values (969, 419);
insert into JobInProject (JobCode, ProjectID) values (935, 420);
insert into JobInProject (JobCode, ProjectID) values (985, 421);
insert into JobInProject (JobCode, ProjectID) values (920, 422);
insert into JobInProject (JobCode, ProjectID) values (978, 423);
insert into JobInProject (JobCode, ProjectID) values (992, 424);
insert into JobInProject (JobCode, ProjectID) values (970, 425);
insert into JobInProject (JobCode, ProjectID) values (924, 426);
insert into JobInProject (JobCode, ProjectID) values (920, 427);
insert into JobInProject (JobCode, ProjectID) values (957, 428);
insert into JobInProject (JobCode, ProjectID) values (900, 429);
insert into JobInProject (JobCode, ProjectID) values (982, 430);
insert into JobInProject (JobCode, ProjectID) values (934, 431);
insert into JobInProject (JobCode, ProjectID) values (915, 432);
insert into JobInProject (JobCode, ProjectID) values (961, 433);
insert into JobInProject (JobCode, ProjectID) values (918, 434);
insert into JobInProject (JobCode, ProjectID) values (910, 435);
insert into JobInProject (JobCode, ProjectID) values (972, 436);
insert into JobInProject (JobCode, ProjectID) values (949, 437);
insert into JobInProject (JobCode, ProjectID) values (919, 438);
insert into JobInProject (JobCode, ProjectID) values (902, 439);
insert into JobInProject (JobCode, ProjectID) values (993, 440);
insert into JobInProject (JobCode, ProjectID) values (908, 441);
insert into JobInProject (JobCode, ProjectID) values (991, 442);
insert into JobInProject (JobCode, ProjectID) values (933, 443);
insert into JobInProject (JobCode, ProjectID) values (938, 444);
insert into JobInProject (JobCode, ProjectID) values (976, 445);
insert into JobInProject (JobCode, ProjectID) values (945, 446);
insert into JobInProject (JobCode, ProjectID) values (962, 447);
insert into JobInProject (JobCode, ProjectID) values (964, 448);
insert into JobInProject (JobCode, ProjectID) values (969, 449);
insert into JobInProject (JobCode, ProjectID) values (952, 450);
insert into JobInProject (JobCode, ProjectID) values (977, 451);
insert into JobInProject (JobCode, ProjectID) values (935, 452);
insert into JobInProject (JobCode, ProjectID) values (953, 453);
insert into JobInProject (JobCode, ProjectID) values (983, 454);
insert into JobInProject (JobCode, ProjectID) values (940, 455);
insert into JobInProject (JobCode, ProjectID) values (915, 456);
insert into JobInProject (JobCode, ProjectID) values (967, 457);
insert into JobInProject (JobCode, ProjectID) values (942, 458);
insert into JobInProject (JobCode, ProjectID) values (969, 459);

--------------------------------------------------------
--  14: CompanyLaunchesProject 
--------------------------------------------------------
insert into CompanyLaunchesProject (CompanyID, ProjectID) values (313, 400);
insert into CompanyLaunchesProject (CompanyID, ProjectID) values (319, 401);
insert into CompanyLaunchesProject (CompanyID, ProjectID) values (312, 402);
insert into CompanyLaunchesProject (CompanyID, ProjectID) values (318, 403);
insert into CompanyLaunchesProject (CompanyID, ProjectID) values (304, 404);
insert into CompanyLaunchesProject (CompanyID, ProjectID) values (327, 405);
insert into CompanyLaunchesProject (CompanyID, ProjectID) values (321, 406);
insert into CompanyLaunchesProject (CompanyID, ProjectID) values (303, 407);
insert into CompanyLaunchesProject (CompanyID, ProjectID) values (304, 408);
insert into CompanyLaunchesProject (CompanyID, ProjectID) values (303, 409);
insert into CompanyLaunchesProject (CompanyID, ProjectID) values (322, 410);
insert into CompanyLaunchesProject (CompanyID, ProjectID) values (322, 411);
insert into CompanyLaunchesProject (CompanyID, ProjectID) values (313, 412);
insert into CompanyLaunchesProject (CompanyID, ProjectID) values (304, 413);
insert into CompanyLaunchesProject (CompanyID, ProjectID) values (317, 414);
insert into CompanyLaunchesProject (CompanyID, ProjectID) values (323, 415);
insert into CompanyLaunchesProject (CompanyID, ProjectID) values (328, 416);
insert into CompanyLaunchesProject (CompanyID, ProjectID) values (303, 417);
insert into CompanyLaunchesProject (CompanyID, ProjectID) values (311, 418);
insert into CompanyLaunchesProject (CompanyID, ProjectID) values (313, 419);
insert into CompanyLaunchesProject (CompanyID, ProjectID) values (315, 420);
insert into CompanyLaunchesProject (CompanyID, ProjectID) values (316, 421);
insert into CompanyLaunchesProject (CompanyID, ProjectID) values (301, 422);
insert into CompanyLaunchesProject (CompanyID, ProjectID) values (326, 423);
insert into CompanyLaunchesProject (CompanyID, ProjectID) values (314, 424);
insert into CompanyLaunchesProject (CompanyID, ProjectID) values (315, 425);
insert into CompanyLaunchesProject (CompanyID, ProjectID) values (315, 426);
insert into CompanyLaunchesProject (CompanyID, ProjectID) values (312, 427);
insert into CompanyLaunchesProject (CompanyID, ProjectID) values (325, 428);
insert into CompanyLaunchesProject (CompanyID, ProjectID) values (305, 429);
insert into CompanyLaunchesProject (CompanyID, ProjectID) values (315, 430);
insert into CompanyLaunchesProject (CompanyID, ProjectID) values (327, 431);
insert into CompanyLaunchesProject (CompanyID, ProjectID) values (323, 432);
insert into CompanyLaunchesProject (CompanyID, ProjectID) values (328, 433);
insert into CompanyLaunchesProject (CompanyID, ProjectID) values (310, 434);
insert into CompanyLaunchesProject (CompanyID, ProjectID) values (310, 435);
insert into CompanyLaunchesProject (CompanyID, ProjectID) values (322, 436);
insert into CompanyLaunchesProject (CompanyID, ProjectID) values (325, 437);
insert into CompanyLaunchesProject (CompanyID, ProjectID) values (329, 438);
insert into CompanyLaunchesProject (CompanyID, ProjectID) values (327, 439);
insert into CompanyLaunchesProject (CompanyID, ProjectID) values (302, 440);
insert into CompanyLaunchesProject (CompanyID, ProjectID) values (327, 441);
insert into CompanyLaunchesProject (CompanyID, ProjectID) values (317, 442);
insert into CompanyLaunchesProject (CompanyID, ProjectID) values (321, 443);
insert into CompanyLaunchesProject (CompanyID, ProjectID) values (319, 444);
insert into CompanyLaunchesProject (CompanyID, ProjectID) values (303, 445);
insert into CompanyLaunchesProject (CompanyID, ProjectID) values (304, 446);
insert into CompanyLaunchesProject (CompanyID, ProjectID) values (305, 447);
insert into CompanyLaunchesProject (CompanyID, ProjectID) values (312, 448);
insert into CompanyLaunchesProject (CompanyID, ProjectID) values (320, 449);
insert into CompanyLaunchesProject (CompanyID, ProjectID) values (317, 450);
insert into CompanyLaunchesProject (CompanyID, ProjectID) values (318, 451);
insert into CompanyLaunchesProject (CompanyID, ProjectID) values (306, 452);
insert into CompanyLaunchesProject (CompanyID, ProjectID) values (322, 453);
insert into CompanyLaunchesProject (CompanyID, ProjectID) values (303, 454);
insert into CompanyLaunchesProject (CompanyID, ProjectID) values (320, 455);
insert into CompanyLaunchesProject (CompanyID, ProjectID) values (325, 456);
insert into CompanyLaunchesProject (CompanyID, ProjectID) values (328, 457);
insert into CompanyLaunchesProject (CompanyID, ProjectID) values (321, 458);
insert into CompanyLaunchesProject (CompanyID, ProjectID) values (303, 459);
insert into CompanyLaunchesProject (CompanyID, ProjectID) values (314, 460);
insert into CompanyLaunchesProject (CompanyID, ProjectID) values (316, 461);
insert into CompanyLaunchesProject (CompanyID, ProjectID) values (308, 462);
insert into CompanyLaunchesProject (CompanyID, ProjectID) values (311, 463);
insert into CompanyLaunchesProject (CompanyID, ProjectID) values (312, 464);
insert into CompanyLaunchesProject (CompanyID, ProjectID) values (311, 465);
insert into CompanyLaunchesProject (CompanyID, ProjectID) values (313, 466);
insert into CompanyLaunchesProject (CompanyID, ProjectID) values (313, 467);
insert into CompanyLaunchesProject (CompanyID, ProjectID) values (307, 468);
insert into CompanyLaunchesProject (CompanyID, ProjectID) values (316, 469);

--------------------------------------------------------
--  15 :PersonHasSkill 
--------------------------------------------------------
insert into PersonHasSkill (PersonID, KSCode) values (1052, 550);
insert into PersonHasSkill (PersonID, KSCode) values (1034, 525);
insert into PersonHasSkill (PersonID, KSCode) values (1085, 542);
insert into PersonHasSkill (PersonID, KSCode) values (1011, 534);
insert into PersonHasSkill (PersonID, KSCode) values (1099, 552);
insert into PersonHasSkill (PersonID, KSCode) values (1080, 514);
insert into PersonHasSkill (PersonID, KSCode) values (1004, 513);
insert into PersonHasSkill (PersonID, KSCode) values (1023, 559);
insert into PersonHasSkill (PersonID, KSCode) values (1033, 531);
insert into PersonHasSkill (PersonID, KSCode) values (1085, 542);
insert into PersonHasSkill (PersonID, KSCode) values (1082, 557);
insert into PersonHasSkill (PersonID, KSCode) values (1092, 511);
insert into PersonHasSkill (PersonID, KSCode) values (1040, 536);
insert into PersonHasSkill (PersonID, KSCode) values (1092, 527);
insert into PersonHasSkill (PersonID, KSCode) values (1093, 519);
insert into PersonHasSkill (PersonID, KSCode) values (1092, 550);
insert into PersonHasSkill (PersonID, KSCode) values (1052, 508);
insert into PersonHasSkill (PersonID, KSCode) values (1031, 516);
insert into PersonHasSkill (PersonID, KSCode) values (1088, 504);
insert into PersonHasSkill (PersonID, KSCode) values (1034, 540);
insert into PersonHasSkill (PersonID, KSCode) values (1055, 506);
insert into PersonHasSkill (PersonID, KSCode) values (1059, 553);
insert into PersonHasSkill (PersonID, KSCode) values (1031, 547);
insert into PersonHasSkill (PersonID, KSCode) values (1036, 541);
insert into PersonHasSkill (PersonID, KSCode) values (1060, 503);
insert into PersonHasSkill (PersonID, KSCode) values (1078, 557);
insert into PersonHasSkill (PersonID, KSCode) values (1005, 507);
insert into PersonHasSkill (PersonID, KSCode) values (1065, 523);
insert into PersonHasSkill (PersonID, KSCode) values (1095, 544);
insert into PersonHasSkill (PersonID, KSCode) values (1050, 559);
insert into PersonHasSkill (PersonID, KSCode) values (1046, 520);
insert into PersonHasSkill (PersonID, KSCode) values (1080, 540);
insert into PersonHasSkill (PersonID, KSCode) values (1098, 517);
insert into PersonHasSkill (PersonID, KSCode) values (1093, 525);
insert into PersonHasSkill (PersonID, KSCode) values (1054, 558);
insert into PersonHasSkill (PersonID, KSCode) values (1025, 532);
insert into PersonHasSkill (PersonID, KSCode) values (1077, 540);
insert into PersonHasSkill (PersonID, KSCode) values (1050, 513);
insert into PersonHasSkill (PersonID, KSCode) values (1011, 541);
insert into PersonHasSkill (PersonID, KSCode) values (1001, 550);
insert into PersonHasSkill (PersonID, KSCode) values (1000, 502);
insert into PersonHasSkill (PersonID, KSCode) values (1047, 515);
insert into PersonHasSkill (PersonID, KSCode) values (1015, 505);
insert into PersonHasSkill (PersonID, KSCode) values (1072, 543);
insert into PersonHasSkill (PersonID, KSCode) values (1044, 503);
insert into PersonHasSkill (PersonID, KSCode) values (1080, 551);
insert into PersonHasSkill (PersonID, KSCode) values (1066, 531);
insert into PersonHasSkill (PersonID, KSCode) values (1004, 552);
insert into PersonHasSkill (PersonID, KSCode) values (1018, 510);
insert into PersonHasSkill (PersonID, KSCode) values (1014, 548);
insert into PersonHasSkill (PersonID, KSCode) values (1065, 553);
insert into PersonHasSkill (PersonID, KSCode) values (1088, 537);
insert into PersonHasSkill (PersonID, KSCode) values (1068, 531);
insert into PersonHasSkill (PersonID, KSCode) values (1018, 511);
insert into PersonHasSkill (PersonID, KSCode) values (1033, 530);
insert into PersonHasSkill (PersonID, KSCode) values (1086, 508);
insert into PersonHasSkill (PersonID, KSCode) values (1076, 507);
insert into PersonHasSkill (PersonID, KSCode) values (1064, 525);
insert into PersonHasSkill (PersonID, KSCode) values (1010, 546);
insert into PersonHasSkill (PersonID, KSCode) values (1004, 551);
insert into PersonHasSkill (PersonID, KSCode) values (1036, 532);
insert into PersonHasSkill (PersonID, KSCode) values (1035, 519);
insert into PersonHasSkill (PersonID, KSCode) values (1090, 527);
insert into PersonHasSkill (PersonID, KSCode) values (1010, 535);
insert into PersonHasSkill (PersonID, KSCode) values (1097, 554);
insert into PersonHasSkill (PersonID, KSCode) values (1002, 504);
insert into PersonHasSkill (PersonID, KSCode) values (1036, 501);
insert into PersonHasSkill (PersonID, KSCode) values (1052, 541);
insert into PersonHasSkill (PersonID, KSCode) values (1019, 541);
insert into PersonHasSkill (PersonID, KSCode) values (1039, 547);
insert into PersonHasSkill (PersonID, KSCode) values (1036, 548);
insert into PersonHasSkill (PersonID, KSCode) values (1001, 548);
insert into PersonHasSkill (PersonID, KSCode) values (1027, 526);
insert into PersonHasSkill (PersonID, KSCode) values (1010, 548);
insert into PersonHasSkill (PersonID, KSCode) values (1053, 524);
insert into PersonHasSkill (PersonID, KSCode) values (1055, 511);
insert into PersonHasSkill (PersonID, KSCode) values (1091, 551);
insert into PersonHasSkill (PersonID, KSCode) values (1043, 530);
insert into PersonHasSkill (PersonID, KSCode) values (1069, 559);
insert into PersonHasSkill (PersonID, KSCode) values (1080, 504);
insert into PersonHasSkill (PersonID, KSCode) values (1044, 527);
insert into PersonHasSkill (PersonID, KSCode) values (1039, 557);
insert into PersonHasSkill (PersonID, KSCode) values (1073, 513);
insert into PersonHasSkill (PersonID, KSCode) values (1090, 536);
insert into PersonHasSkill (PersonID, KSCode) values (1052, 544);
insert into PersonHasSkill (PersonID, KSCode) values (1056, 545);
insert into PersonHasSkill (PersonID, KSCode) values (1051, 516);
insert into PersonHasSkill (PersonID, KSCode) values (1090, 513);
insert into PersonHasSkill (PersonID, KSCode) values (1097, 527);
insert into PersonHasSkill (PersonID, KSCode) values (1024, 548);
insert into PersonHasSkill (PersonID, KSCode) values (1065, 539);
insert into PersonHasSkill (PersonID, KSCode) values (1087, 549);
insert into PersonHasSkill (PersonID, KSCode) values (1069, 550);
insert into PersonHasSkill (PersonID, KSCode) values (1090, 556);
insert into PersonHasSkill (PersonID, KSCode) values (1085, 545);
insert into PersonHasSkill (PersonID, KSCode) values (1068, 542);
insert into PersonHasSkill (PersonID, KSCode) values (1049, 528);
insert into PersonHasSkill (PersonID, KSCode) values (1038, 545);
insert into PersonHasSkill (PersonID, KSCode) values (1045, 537);
insert into PersonHasSkill (PersonID, KSCode) values (1082, 559);
insert into PersonHasSkill (PersonID, KSCode) values (1090, 538);
insert into PersonHasSkill (PersonID, KSCode) values (1027, 526);
insert into PersonHasSkill (PersonID, KSCode) values (1006, 520);
insert into PersonHasSkill (PersonID, KSCode) values (1005, 525);
insert into PersonHasSkill (PersonID, KSCode) values (1004, 517);
insert into PersonHasSkill (PersonID, KSCode) values (1071, 546);
insert into PersonHasSkill (PersonID, KSCode) values (1058, 551);
insert into PersonHasSkill (PersonID, KSCode) values (1046, 555);
insert into PersonHasSkill (PersonID, KSCode) values (1071, 532);
insert into PersonHasSkill (PersonID, KSCode) values (1054, 532);
insert into PersonHasSkill (PersonID, KSCode) values (1016, 555);
insert into PersonHasSkill (PersonID, KSCode) values (1009, 550);
insert into PersonHasSkill (PersonID, KSCode) values (1043, 546);
insert into PersonHasSkill (PersonID, KSCode) values (1035, 501);
insert into PersonHasSkill (PersonID, KSCode) values (1050, 550);
insert into PersonHasSkill (PersonID, KSCode) values (1073, 500);
insert into PersonHasSkill (PersonID, KSCode) values (1062, 508);
insert into PersonHasSkill (PersonID, KSCode) values (1045, 532);
insert into PersonHasSkill (PersonID, KSCode) values (1010, 519);
insert into PersonHasSkill (PersonID, KSCode) values (1004, 531);
insert into PersonHasSkill (PersonID, KSCode) values (1031, 515);
insert into PersonHasSkill (PersonID, KSCode) values (1066, 534);
insert into PersonHasSkill (PersonID, KSCode) values (1041, 510);
insert into PersonHasSkill (PersonID, KSCode) values (1074, 512);
insert into PersonHasSkill (PersonID, KSCode) values (1085, 515);
insert into PersonHasSkill (PersonID, KSCode) values (1089, 556);
insert into PersonHasSkill (PersonID, KSCode) values (1007, 537);
insert into PersonHasSkill (PersonID, KSCode) values (1055, 551);
insert into PersonHasSkill (PersonID, KSCode) values (1024, 551);
insert into PersonHasSkill (PersonID, KSCode) values (1082, 515);
insert into PersonHasSkill (PersonID, KSCode) values (1033, 502);
insert into PersonHasSkill (PersonID, KSCode) values (1022, 501);
insert into PersonHasSkill (PersonID, KSCode) values (1078, 541);
insert into PersonHasSkill (PersonID, KSCode) values (1095, 533);
insert into PersonHasSkill (PersonID, KSCode) values (1000, 503);
insert into PersonHasSkill (PersonID, KSCode) values (1022, 536);
insert into PersonHasSkill (PersonID, KSCode) values (1061, 516);
insert into PersonHasSkill (PersonID, KSCode) values (1012, 536);
insert into PersonHasSkill (PersonID, KSCode) values (1078, 543);
insert into PersonHasSkill (PersonID, KSCode) values (1054, 512);
insert into PersonHasSkill (PersonID, KSCode) values (1029, 517);
insert into PersonHasSkill (PersonID, KSCode) values (1034, 506);
insert into PersonHasSkill (PersonID, KSCode) values (1045, 538);
insert into PersonHasSkill (PersonID, KSCode) values (1015, 534);
insert into PersonHasSkill (PersonID, KSCode) values (1039, 524);
insert into PersonHasSkill (PersonID, KSCode) values (1059, 503);
insert into PersonHasSkill (PersonID, KSCode) values (1050, 538);
insert into PersonHasSkill (PersonID, KSCode) values (1003, 513);
insert into PersonHasSkill (PersonID, KSCode) values (1097, 525);
insert into PersonHasSkill (PersonID, KSCode) values (1066, 530);
insert into PersonHasSkill (PersonID, KSCode) values (1049, 525);
insert into PersonHasSkill (PersonID, KSCode) values (1047, 523);
insert into PersonHasSkill (PersonID, KSCode) values (1057, 527);
insert into PersonHasSkill (PersonID, KSCode) values (1086, 517);
insert into PersonHasSkill (PersonID, KSCode) values (1092, 550);
insert into PersonHasSkill (PersonID, KSCode) values (1039, 558);
insert into PersonHasSkill (PersonID, KSCode) values (1065, 540);
insert into PersonHasSkill (PersonID, KSCode) values (1064, 528);
insert into PersonHasSkill (PersonID, KSCode) values (1033, 531);
insert into PersonHasSkill (PersonID, KSCode) values (1048, 517);
insert into PersonHasSkill (PersonID, KSCode) values (1064, 500);
insert into PersonHasSkill (PersonID, KSCode) values (1068, 522);
insert into PersonHasSkill (PersonID, KSCode) values (1064, 514);
insert into PersonHasSkill (PersonID, KSCode) values (1079, 532);
insert into PersonHasSkill (PersonID, KSCode) values (1046, 537);
insert into PersonHasSkill (PersonID, KSCode) values (1073, 516);
insert into PersonHasSkill (PersonID, KSCode) values (1017, 541);
insert into PersonHasSkill (PersonID, KSCode) values (1058, 549);
insert into PersonHasSkill (PersonID, KSCode) values (1046, 510);
insert into PersonHasSkill (PersonID, KSCode) values (1022, 508);
insert into PersonHasSkill (PersonID, KSCode) values (1061, 516);
insert into PersonHasSkill (PersonID, KSCode) values (1059, 510);
insert into PersonHasSkill (PersonID, KSCode) values (1075, 507);
insert into PersonHasSkill (PersonID, KSCode) values (1097, 543);
insert into PersonHasSkill (PersonID, KSCode) values (1018, 533);
insert into PersonHasSkill (PersonID, KSCode) values (1039, 544);
insert into PersonHasSkill (PersonID, KSCode) values (1059, 501);
insert into PersonHasSkill (PersonID, KSCode) values (1028, 550);
insert into PersonHasSkill (PersonID, KSCode) values (1003, 533);
insert into PersonHasSkill (PersonID, KSCode) values (1019, 559);
insert into PersonHasSkill (PersonID, KSCode) values (1054, 504);
insert into PersonHasSkill (PersonID, KSCode) values (1050, 509);
insert into PersonHasSkill (PersonID, KSCode) values (1003, 544);
insert into PersonHasSkill (PersonID, KSCode) values (1012, 503);
insert into PersonHasSkill (PersonID, KSCode) values (1018, 507);
insert into PersonHasSkill (PersonID, KSCode) values (1065, 551);
insert into PersonHasSkill (PersonID, KSCode) values (1056, 512);
insert into PersonHasSkill (PersonID, KSCode) values (1061, 528);
insert into PersonHasSkill (PersonID, KSCode) values (1090, 520);
insert into PersonHasSkill (PersonID, KSCode) values (1022, 546);
insert into PersonHasSkill (PersonID, KSCode) values (1042, 502);
insert into PersonHasSkill (PersonID, KSCode) values (1066, 545);
insert into PersonHasSkill (PersonID, KSCode) values (1069, 537);
insert into PersonHasSkill (PersonID, KSCode) values (1014, 548);
insert into PersonHasSkill (PersonID, KSCode) values (1003, 556);
insert into PersonHasSkill (PersonID, KSCode) values (1066, 507);
insert into PersonHasSkill (PersonID, KSCode) values (1059, 531);
insert into PersonHasSkill (PersonID, KSCode) values (1066, 536);
insert into PersonHasSkill (PersonID, KSCode) values (1009, 511);
insert into PersonHasSkill (PersonID, KSCode) values (1051, 545);
insert into PersonHasSkill (PersonID, KSCode) values (1061, 552);
insert into PersonHasSkill (PersonID, KSCode) values (1085, 559);
insert into PersonHasSkill (PersonID, KSCode) values (1089, 526);
insert into PersonHasSkill (PersonID, KSCode) values (1021, 554);
insert into PersonHasSkill (PersonID, KSCode) values (1063, 527);
insert into PersonHasSkill (PersonID, KSCode) values (1051, 517);
insert into PersonHasSkill (PersonID, KSCode) values (1042, 514);
insert into PersonHasSkill (PersonID, KSCode) values (1025, 520);
insert into PersonHasSkill (PersonID, KSCode) values (1063, 559);
insert into PersonHasSkill (PersonID, KSCode) values (1042, 503);
insert into PersonHasSkill (PersonID, KSCode) values (1099, 516);
insert into PersonHasSkill (PersonID, KSCode) values (1038, 517);
insert into PersonHasSkill (PersonID, KSCode) values (1086, 536);
insert into PersonHasSkill (PersonID, KSCode) values (1000, 532);
insert into PersonHasSkill (PersonID, KSCode) values (1074, 506);
insert into PersonHasSkill (PersonID, KSCode) values (1090, 549);
insert into PersonHasSkill (PersonID, KSCode) values (1071, 538);
insert into PersonHasSkill (PersonID, KSCode) values (1051, 545);
insert into PersonHasSkill (PersonID, KSCode) values (1079, 503);
insert into PersonHasSkill (PersonID, KSCode) values (1017, 518);
insert into PersonHasSkill (PersonID, KSCode) values (1036, 515);
insert into PersonHasSkill (PersonID, KSCode) values (1083, 519);
insert into PersonHasSkill (PersonID, KSCode) values (1089, 556);
insert into PersonHasSkill (PersonID, KSCode) values (1050, 557);
insert into PersonHasSkill (PersonID, KSCode) values (1097, 529);
insert into PersonHasSkill (PersonID, KSCode) values (1008, 545);
insert into PersonHasSkill (PersonID, KSCode) values (1020, 513);
insert into PersonHasSkill (PersonID, KSCode) values (1026, 529);
insert into PersonHasSkill (PersonID, KSCode) values (1025, 521);
insert into PersonHasSkill (PersonID, KSCode) values (1073, 542);
insert into PersonHasSkill (PersonID, KSCode) values (1099, 517);
insert into PersonHasSkill (PersonID, KSCode) values (1053, 521);
insert into PersonHasSkill (PersonID, KSCode) values (1088, 526);
insert into PersonHasSkill (PersonID, KSCode) values (1032, 520);
insert into PersonHasSkill (PersonID, KSCode) values (1003, 500);
insert into PersonHasSkill (PersonID, KSCode) values (1038, 513);
insert into PersonHasSkill (PersonID, KSCode) values (1054, 515);
insert into PersonHasSkill (PersonID, KSCode) values (1009, 534);
insert into PersonHasSkill (PersonID, KSCode) values (1099, 534);
insert into PersonHasSkill (PersonID, KSCode) values (1063, 517);
insert into PersonHasSkill (PersonID, KSCode) values (1014, 531);
insert into PersonHasSkill (PersonID, KSCode) values (1026, 551);
insert into PersonHasSkill (PersonID, KSCode) values (1029, 512);
insert into PersonHasSkill (PersonID, KSCode) values (1069, 545);
insert into PersonHasSkill (PersonID, KSCode) values (1013, 556);
insert into PersonHasSkill (PersonID, KSCode) values (1097, 548);
insert into PersonHasSkill (PersonID, KSCode) values (1050, 516);
insert into PersonHasSkill (PersonID, KSCode) values (1028, 545);
insert into PersonHasSkill (PersonID, KSCode) values (1025, 553);
insert into PersonHasSkill (PersonID, KSCode) values (1032, 542);
insert into PersonHasSkill (PersonID, KSCode) values (1063, 522);
insert into PersonHasSkill (PersonID, KSCode) values (1040, 548);
insert into PersonHasSkill (PersonID, KSCode) values (1073, 527);
insert into PersonHasSkill (PersonID, KSCode) values (1040, 503);
insert into PersonHasSkill (PersonID, KSCode) values (1062, 550);
insert into PersonHasSkill (PersonID, KSCode) values (1060, 509);
insert into PersonHasSkill (PersonID, KSCode) values (1012, 554);
insert into PersonHasSkill (PersonID, KSCode) values (1082, 509);
insert into PersonHasSkill (PersonID, KSCode) values (1020, 545);
insert into PersonHasSkill (PersonID, KSCode) values (1026, 549);
insert into PersonHasSkill (PersonID, KSCode) values (1071, 505);
insert into PersonHasSkill (PersonID, KSCode) values (1014, 530);
insert into PersonHasSkill (PersonID, KSCode) values (1037, 550);
insert into PersonHasSkill (PersonID, KSCode) values (1063, 504);
insert into PersonHasSkill (PersonID, KSCode) values (1032, 550);
insert into PersonHasSkill (PersonID, KSCode) values (1095, 537);
insert into PersonHasSkill (PersonID, KSCode) values (1084, 510);
insert into PersonHasSkill (PersonID, KSCode) values (1078, 519);
insert into PersonHasSkill (PersonID, KSCode) values (1071, 530);
insert into PersonHasSkill (PersonID, KSCode) values (1001, 557);
insert into PersonHasSkill (PersonID, KSCode) values (1056, 549);
insert into PersonHasSkill (PersonID, KSCode) values (1025, 545);
insert into PersonHasSkill (PersonID, KSCode) values (1025, 555);
insert into PersonHasSkill (PersonID, KSCode) values (1048, 509);
insert into PersonHasSkill (PersonID, KSCode) values (1099, 550);
insert into PersonHasSkill (PersonID, KSCode) values (1073, 559);
insert into PersonHasSkill (PersonID, KSCode) values (1032, 503);
insert into PersonHasSkill (PersonID, KSCode) values (1060, 532);
insert into PersonHasSkill (PersonID, KSCode) values (1018, 533);
insert into PersonHasSkill (PersonID, KSCode) values (1091, 508);
insert into PersonHasSkill (PersonID, KSCode) values (1089, 511);
insert into PersonHasSkill (PersonID, KSCode) values (1076, 554);
insert into PersonHasSkill (PersonID, KSCode) values (1097, 504);
insert into PersonHasSkill (PersonID, KSCode) values (1015, 524);
insert into PersonHasSkill (PersonID, KSCode) values (1005, 555);
insert into PersonHasSkill (PersonID, KSCode) values (1079, 546);
insert into PersonHasSkill (PersonID, KSCode) values (1028, 552);
insert into PersonHasSkill (PersonID, KSCode) values (1059, 554);
insert into PersonHasSkill (PersonID, KSCode) values (1072, 509);
insert into PersonHasSkill (PersonID, KSCode) values (1053, 500);
insert into PersonHasSkill (PersonID, KSCode) values (1003, 543);
insert into PersonHasSkill (PersonID, KSCode) values (1067, 505);
insert into PersonHasSkill (PersonID, KSCode) values (1086, 548);
insert into PersonHasSkill (PersonID, KSCode) values (1032, 534);
insert into PersonHasSkill (PersonID, KSCode) values (1090, 501);
insert into PersonHasSkill (PersonID, KSCode) values (1032, 503);
insert into PersonHasSkill (PersonID, KSCode) values (1026, 518);
insert into PersonHasSkill (PersonID, KSCode) values (1049, 529);
insert into PersonHasSkill (PersonID, KSCode) values (1006, 536);
insert into PersonHasSkill (PersonID, KSCode) values (1030, 546);

--------------------------------------------------------
--  16: JProfileRequiresSkill 
--------------------------------------------------------
insert into JProfileRequiresSkill (JProfileCode, KSCode) values (216, 517);
insert into JProfileRequiresSkill (JProfileCode, KSCode) values (204, 506);
insert into JProfileRequiresSkill (JProfileCode, KSCode) values (239, 511);
insert into JProfileRequiresSkill (JProfileCode, KSCode) values (209, 512);
insert into JProfileRequiresSkill (JProfileCode, KSCode) values (212, 547);
insert into JProfileRequiresSkill (JProfileCode, KSCode) values (235, 511);
insert into JProfileRequiresSkill (JProfileCode, KSCode) values (218, 554);
insert into JProfileRequiresSkill (JProfileCode, KSCode) values (202, 529);
insert into JProfileRequiresSkill (JProfileCode, KSCode) values (218, 548);
insert into JProfileRequiresSkill (JProfileCode, KSCode) values (225, 555);
insert into JProfileRequiresSkill (JProfileCode, KSCode) values (217, 519);
insert into JProfileRequiresSkill (JProfileCode, KSCode) values (206, 504);
insert into JProfileRequiresSkill (JProfileCode, KSCode) values (222, 549);
insert into JProfileRequiresSkill (JProfileCode, KSCode) values (230, 517);
insert into JProfileRequiresSkill (JProfileCode, KSCode) values (205, 539);
insert into JProfileRequiresSkill (JProfileCode, KSCode) values (215, 530);
insert into JProfileRequiresSkill (JProfileCode, KSCode) values (229, 522);
insert into JProfileRequiresSkill (JProfileCode, KSCode) values (228, 525);
insert into JProfileRequiresSkill (JProfileCode, KSCode) values (211, 515);
insert into JProfileRequiresSkill (JProfileCode, KSCode) values (211, 508);
insert into JProfileRequiresSkill (JProfileCode, KSCode) values (239, 529);
insert into JProfileRequiresSkill (JProfileCode, KSCode) values (204, 550);
insert into JProfileRequiresSkill (JProfileCode, KSCode) values (208, 528);
insert into JProfileRequiresSkill (JProfileCode, KSCode) values (216, 512);
insert into JProfileRequiresSkill (JProfileCode, KSCode) values (238, 550);
insert into JProfileRequiresSkill (JProfileCode, KSCode) values (208, 527);
insert into JProfileRequiresSkill (JProfileCode, KSCode) values (203, 507);
insert into JProfileRequiresSkill (JProfileCode, KSCode) values (224, 553);
insert into JProfileRequiresSkill (JProfileCode, KSCode) values (209, 545);
insert into JProfileRequiresSkill (JProfileCode, KSCode) values (214, 538);
insert into JProfileRequiresSkill (JProfileCode, KSCode) values (229, 541);
insert into JProfileRequiresSkill (JProfileCode, KSCode) values (215, 533);
insert into JProfileRequiresSkill (JProfileCode, KSCode) values (203, 511);
insert into JProfileRequiresSkill (JProfileCode, KSCode) values (206, 520);
insert into JProfileRequiresSkill (JProfileCode, KSCode) values (210, 506);
insert into JProfileRequiresSkill (JProfileCode, KSCode) values (218, 508);
insert into JProfileRequiresSkill (JProfileCode, KSCode) values (226, 554);
insert into JProfileRequiresSkill (JProfileCode, KSCode) values (225, 548);
insert into JProfileRequiresSkill (JProfileCode, KSCode) values (238, 518);
insert into JProfileRequiresSkill (JProfileCode, KSCode) values (210, 507);
insert into JProfileRequiresSkill (JProfileCode, KSCode) values (222, 530);
insert into JProfileRequiresSkill (JProfileCode, KSCode) values (208, 523);
insert into JProfileRequiresSkill (JProfileCode, KSCode) values (239, 534);
insert into JProfileRequiresSkill (JProfileCode, KSCode) values (238, 547);
insert into JProfileRequiresSkill (JProfileCode, KSCode) values (218, 537);
insert into JProfileRequiresSkill (JProfileCode, KSCode) values (210, 554);
insert into JProfileRequiresSkill (JProfileCode, KSCode) values (213, 506);
insert into JProfileRequiresSkill (JProfileCode, KSCode) values (231, 522);
insert into JProfileRequiresSkill (JProfileCode, KSCode) values (236, 519);
insert into JProfileRequiresSkill (JProfileCode, KSCode) values (207, 514);
insert into JProfileRequiresSkill (JProfileCode, KSCode) values (208, 527);
insert into JProfileRequiresSkill (JProfileCode, KSCode) values (218, 548);
insert into JProfileRequiresSkill (JProfileCode, KSCode) values (234, 505);
insert into JProfileRequiresSkill (JProfileCode, KSCode) values (214, 531);
insert into JProfileRequiresSkill (JProfileCode, KSCode) values (218, 527);
insert into JProfileRequiresSkill (JProfileCode, KSCode) values (201, 500);
insert into JProfileRequiresSkill (JProfileCode, KSCode) values (225, 550);
insert into JProfileRequiresSkill (JProfileCode, KSCode) values (217, 540);
insert into JProfileRequiresSkill (JProfileCode, KSCode) values (239, 528);
insert into JProfileRequiresSkill (JProfileCode, KSCode) values (222, 540);
insert into JProfileRequiresSkill (JProfileCode, KSCode) values (210, 514);
insert into JProfileRequiresSkill (JProfileCode, KSCode) values (220, 556);
insert into JProfileRequiresSkill (JProfileCode, KSCode) values (239, 525);
insert into JProfileRequiresSkill (JProfileCode, KSCode) values (237, 531);
insert into JProfileRequiresSkill (JProfileCode, KSCode) values (220, 535);
insert into JProfileRequiresSkill (JProfileCode, KSCode) values (215, 554);
insert into JProfileRequiresSkill (JProfileCode, KSCode) values (200, 516);
insert into JProfileRequiresSkill (JProfileCode, KSCode) values (219, 558);
insert into JProfileRequiresSkill (JProfileCode, KSCode) values (225, 535);
insert into JProfileRequiresSkill (JProfileCode, KSCode) values (224, 552);
insert into JProfileRequiresSkill (JProfileCode, KSCode) values (229, 549);
insert into JProfileRequiresSkill (JProfileCode, KSCode) values (237, 519);
insert into JProfileRequiresSkill (JProfileCode, KSCode) values (221, 548);
insert into JProfileRequiresSkill (JProfileCode, KSCode) values (222, 534);
insert into JProfileRequiresSkill (JProfileCode, KSCode) values (207, 518);
insert into JProfileRequiresSkill (JProfileCode, KSCode) values (225, 504);
insert into JProfileRequiresSkill (JProfileCode, KSCode) values (200, 558);
insert into JProfileRequiresSkill (JProfileCode, KSCode) values (233, 554);
insert into JProfileRequiresSkill (JProfileCode, KSCode) values (222, 534);
insert into JProfileRequiresSkill (JProfileCode, KSCode) values (231, 510);
insert into JProfileRequiresSkill (JProfileCode, KSCode) values (229, 543);
insert into JProfileRequiresSkill (JProfileCode, KSCode) values (200, 553);
insert into JProfileRequiresSkill (JProfileCode, KSCode) values (213, 555);
insert into JProfileRequiresSkill (JProfileCode, KSCode) values (200, 504);
insert into JProfileRequiresSkill (JProfileCode, KSCode) values (207, 521);
insert into JProfileRequiresSkill (JProfileCode, KSCode) values (206, 548);
insert into JProfileRequiresSkill (JProfileCode, KSCode) values (230, 538);
insert into JProfileRequiresSkill (JProfileCode, KSCode) values (215, 558);
insert into JProfileRequiresSkill (JProfileCode, KSCode) values (208, 511);
insert into JProfileRequiresSkill (JProfileCode, KSCode) values (218, 519);
insert into JProfileRequiresSkill (JProfileCode, KSCode) values (216, 515);
insert into JProfileRequiresSkill (JProfileCode, KSCode) values (232, 512);
insert into JProfileRequiresSkill (JProfileCode, KSCode) values (213, 512);
insert into JProfileRequiresSkill (JProfileCode, KSCode) values (218, 520);
insert into JProfileRequiresSkill (JProfileCode, KSCode) values (213, 542);
insert into JProfileRequiresSkill (JProfileCode, KSCode) values (207, 554);
insert into JProfileRequiresSkill (JProfileCode, KSCode) values (220, 531);
insert into JProfileRequiresSkill (JProfileCode, KSCode) values (204, 554);
insert into JProfileRequiresSkill (JProfileCode, KSCode) values (210, 529);
insert into JProfileRequiresSkill (JProfileCode, KSCode) values (207, 514);
insert into JProfileRequiresSkill (JProfileCode, KSCode) values (201, 510);
insert into JProfileRequiresSkill (JProfileCode, KSCode) values (229, 538);
insert into JProfileRequiresSkill (JProfileCode, KSCode) values (239, 548);
insert into JProfileRequiresSkill (JProfileCode, KSCode) values (219, 501);
insert into JProfileRequiresSkill (JProfileCode, KSCode) values (205, 555);
insert into JProfileRequiresSkill (JProfileCode, KSCode) values (224, 523);
insert into JProfileRequiresSkill (JProfileCode, KSCode) values (208, 537);
insert into JProfileRequiresSkill (JProfileCode, KSCode) values (235, 518);
insert into JProfileRequiresSkill (JProfileCode, KSCode) values (231, 525);
insert into JProfileRequiresSkill (JProfileCode, KSCode) values (220, 522);
insert into JProfileRequiresSkill (JProfileCode, KSCode) values (204, 536);
insert into JProfileRequiresSkill (JProfileCode, KSCode) values (210, 549);
insert into JProfileRequiresSkill (JProfileCode, KSCode) values (222, 546);
insert into JProfileRequiresSkill (JProfileCode, KSCode) values (231, 520);
insert into JProfileRequiresSkill (JProfileCode, KSCode) values (223, 558);
insert into JProfileRequiresSkill (JProfileCode, KSCode) values (229, 547);
insert into JProfileRequiresSkill (JProfileCode, KSCode) values (202, 504);
insert into JProfileRequiresSkill (JProfileCode, KSCode) values (205, 538);
insert into JProfileRequiresSkill (JProfileCode, KSCode) values (226, 502);
insert into JProfileRequiresSkill (JProfileCode, KSCode) values (201, 533);
insert into JProfileRequiresSkill (JProfileCode, KSCode) values (229, 518);
insert into JProfileRequiresSkill (JProfileCode, KSCode) values (219, 545);
insert into JProfileRequiresSkill (JProfileCode, KSCode) values (212, 532);
insert into JProfileRequiresSkill (JProfileCode, KSCode) values (219, 508);
insert into JProfileRequiresSkill (JProfileCode, KSCode) values (232, 506);
insert into JProfileRequiresSkill (JProfileCode, KSCode) values (221, 526);
insert into JProfileRequiresSkill (JProfileCode, KSCode) values (223, 523);
insert into JProfileRequiresSkill (JProfileCode, KSCode) values (231, 516);
insert into JProfileRequiresSkill (JProfileCode, KSCode) values (208, 542);
insert into JProfileRequiresSkill (JProfileCode, KSCode) values (210, 533);
insert into JProfileRequiresSkill (JProfileCode, KSCode) values (226, 508);
insert into JProfileRequiresSkill (JProfileCode, KSCode) values (213, 554);
insert into JProfileRequiresSkill (JProfileCode, KSCode) values (210, 520);
insert into JProfileRequiresSkill (JProfileCode, KSCode) values (237, 543);
insert into JProfileRequiresSkill (JProfileCode, KSCode) values (231, 528);
insert into JProfileRequiresSkill (JProfileCode, KSCode) values (205, 518);
insert into JProfileRequiresSkill (JProfileCode, KSCode) values (201, 529);
insert into JProfileRequiresSkill (JProfileCode, KSCode) values (210, 542);
insert into JProfileRequiresSkill (JProfileCode, KSCode) values (211, 530);
insert into JProfileRequiresSkill (JProfileCode, KSCode) values (234, 509);
insert into JProfileRequiresSkill (JProfileCode, KSCode) values (236, 552);
insert into JProfileRequiresSkill (JProfileCode, KSCode) values (236, 527);
insert into JProfileRequiresSkill (JProfileCode, KSCode) values (212, 528);
insert into JProfileRequiresSkill (JProfileCode, KSCode) values (210, 535);
insert into JProfileRequiresSkill (JProfileCode, KSCode) values (235, 537);
insert into JProfileRequiresSkill (JProfileCode, KSCode) values (209, 511);
insert into JProfileRequiresSkill (JProfileCode, KSCode) values (226, 515);
insert into JProfileRequiresSkill (JProfileCode, KSCode) values (238, 504);
insert into JProfileRequiresSkill (JProfileCode, KSCode) values (234, 536);
insert into JProfileRequiresSkill (JProfileCode, KSCode) values (201, 510);


--------------------------------------------------------
--  17: PersonTakesSection
--------------------------------------------------------

INSERT INTO PersonTakesSection
SELECT PTS_seq.NEXTVAL+1000, SectionID, CourseID, Year, CompleteDate
FROM Section;

--------------------------------------------------------
--  18: Course Covers Skill
--------------------------------------------------------
insert into CourseCoversSkill (CourseID, KSCode) values (607, 540);
insert into CourseCoversSkill (CourseID, KSCode) values (611, 539);
insert into CourseCoversSkill (CourseID, KSCode) values (615, 529);
insert into CourseCoversSkill (CourseID, KSCode) values (617, 500);
insert into CourseCoversSkill (CourseID, KSCode) values (621, 527);
insert into CourseCoversSkill (CourseID, KSCode) values (600, 537);
insert into CourseCoversSkill (CourseID, KSCode) values (618, 530);
insert into CourseCoversSkill (CourseID, KSCode) values (639, 536);
insert into CourseCoversSkill (CourseID, KSCode) values (615, 535);
insert into CourseCoversSkill (CourseID, KSCode) values (613, 515);
insert into CourseCoversSkill (CourseID, KSCode) values (602, 512);
insert into CourseCoversSkill (CourseID, KSCode) values (631, 539);
insert into CourseCoversSkill (CourseID, KSCode) values (614, 502);
insert into CourseCoversSkill (CourseID, KSCode) values (625, 520);
insert into CourseCoversSkill (CourseID, KSCode) values (639, 534);
insert into CourseCoversSkill (CourseID, KSCode) values (618, 537);
insert into CourseCoversSkill (CourseID, KSCode) values (600, 516);
insert into CourseCoversSkill (CourseID, KSCode) values (634, 531);
insert into CourseCoversSkill (CourseID, KSCode) values (636, 500);
insert into CourseCoversSkill (CourseID, KSCode) values (619, 541);
insert into CourseCoversSkill (CourseID, KSCode) values (637, 527);
insert into CourseCoversSkill (CourseID, KSCode) values (621, 512);
insert into CourseCoversSkill (CourseID, KSCode) values (605, 518);
insert into CourseCoversSkill (CourseID, KSCode) values (615, 559);
insert into CourseCoversSkill (CourseID, KSCode) values (614, 518);
insert into CourseCoversSkill (CourseID, KSCode) values (610, 542);
insert into CourseCoversSkill (CourseID, KSCode) values (636, 523);
insert into CourseCoversSkill (CourseID, KSCode) values (624, 532);
insert into CourseCoversSkill (CourseID, KSCode) values (626, 527);
insert into CourseCoversSkill (CourseID, KSCode) values (628, 527);
insert into CourseCoversSkill (CourseID, KSCode) values (629, 536);
insert into CourseCoversSkill (CourseID, KSCode) values (618, 553);
insert into CourseCoversSkill (CourseID, KSCode) values (636, 543);
insert into CourseCoversSkill (CourseID, KSCode) values (612, 524);
insert into CourseCoversSkill (CourseID, KSCode) values (608, 523);
insert into CourseCoversSkill (CourseID, KSCode) values (616, 543);
insert into CourseCoversSkill (CourseID, KSCode) values (629, 505);
insert into CourseCoversSkill (CourseID, KSCode) values (625, 547);
insert into CourseCoversSkill (CourseID, KSCode) values (623, 554);
insert into CourseCoversSkill (CourseID, KSCode) values (602, 516);
insert into CourseCoversSkill (CourseID, KSCode) values (601, 513);
insert into CourseCoversSkill (CourseID, KSCode) values (615, 518);
insert into CourseCoversSkill (CourseID, KSCode) values (610, 519);
insert into CourseCoversSkill (CourseID, KSCode) values (637, 533);
insert into CourseCoversSkill (CourseID, KSCode) values (617, 539);
insert into CourseCoversSkill (CourseID, KSCode) values (626, 507);
insert into CourseCoversSkill (CourseID, KSCode) values (622, 526);
insert into CourseCoversSkill (CourseID, KSCode) values (632, 512);
insert into CourseCoversSkill (CourseID, KSCode) values (625, 547);
insert into CourseCoversSkill (CourseID, KSCode) values (607, 537);
insert into CourseCoversSkill (CourseID, KSCode) values (611, 555);
insert into CourseCoversSkill (CourseID, KSCode) values (613, 525);
insert into CourseCoversSkill (CourseID, KSCode) values (625, 552);
insert into CourseCoversSkill (CourseID, KSCode) values (622, 545);
insert into CourseCoversSkill (CourseID, KSCode) values (606, 520);
insert into CourseCoversSkill (CourseID, KSCode) values (617, 543);
insert into CourseCoversSkill (CourseID, KSCode) values (601, 518);
insert into CourseCoversSkill (CourseID, KSCode) values (608, 550);
insert into CourseCoversSkill (CourseID, KSCode) values (628, 551);
insert into CourseCoversSkill (CourseID, KSCode) values (613, 538);
insert into CourseCoversSkill (CourseID, KSCode) values (618, 556);
insert into CourseCoversSkill (CourseID, KSCode) values (630, 527);
insert into CourseCoversSkill (CourseID, KSCode) values (627, 535);
insert into CourseCoversSkill (CourseID, KSCode) values (634, 527);
insert into CourseCoversSkill (CourseID, KSCode) values (619, 537);
insert into CourseCoversSkill (CourseID, KSCode) values (602, 557);
insert into CourseCoversSkill (CourseID, KSCode) values (638, 527);
insert into CourseCoversSkill (CourseID, KSCode) values (629, 521);
insert into CourseCoversSkill (CourseID, KSCode) values (625, 531);
insert into CourseCoversSkill (CourseID, KSCode) values (604, 507);
insert into CourseCoversSkill (CourseID, KSCode) values (638, 525);
insert into CourseCoversSkill (CourseID, KSCode) values (637, 536);
insert into CourseCoversSkill (CourseID, KSCode) values (600, 518);
insert into CourseCoversSkill (CourseID, KSCode) values (609, 549);
insert into CourseCoversSkill (CourseID, KSCode) values (635, 528);
insert into CourseCoversSkill (CourseID, KSCode) values (634, 540);
insert into CourseCoversSkill (CourseID, KSCode) values (612, 539);
insert into CourseCoversSkill (CourseID, KSCode) values (639, 519);
insert into CourseCoversSkill (CourseID, KSCode) values (629, 507);
insert into CourseCoversSkill (CourseID, KSCode) values (611, 538);
insert into CourseCoversSkill (CourseID, KSCode) values (625, 537);
insert into CourseCoversSkill (CourseID, KSCode) values (628, 517);
insert into CourseCoversSkill (CourseID, KSCode) values (638, 531);
insert into CourseCoversSkill (CourseID, KSCode) values (612, 513);
insert into CourseCoversSkill (CourseID, KSCode) values (600, 516);
insert into CourseCoversSkill (CourseID, KSCode) values (636, 507);
insert into CourseCoversSkill (CourseID, KSCode) values (601, 534);
insert into CourseCoversSkill (CourseID, KSCode) values (635, 507);
insert into CourseCoversSkill (CourseID, KSCode) values (608, 559);
insert into CourseCoversSkill (CourseID, KSCode) values (604, 536);
insert into CourseCoversSkill (CourseID, KSCode) values (608, 555);
insert into CourseCoversSkill (CourseID, KSCode) values (605, 504);
insert into CourseCoversSkill (CourseID, KSCode) values (625, 515);
insert into CourseCoversSkill (CourseID, KSCode) values (639, 545);
insert into CourseCoversSkill (CourseID, KSCode) values (612, 531);
insert into CourseCoversSkill (CourseID, KSCode) values (639, 542);
insert into CourseCoversSkill (CourseID, KSCode) values (603, 512);
insert into CourseCoversSkill (CourseID, KSCode) values (628, 522);
insert into CourseCoversSkill (CourseID, KSCode) values (605, 528);
insert into CourseCoversSkill (CourseID, KSCode) values (614, 554);
insert into CourseCoversSkill (CourseID, KSCode) values (613, 516);
insert into CourseCoversSkill (CourseID, KSCode) values (610, 512);
insert into CourseCoversSkill (CourseID, KSCode) values (638, 533);
insert into CourseCoversSkill (CourseID, KSCode) values (600, 523);
insert into CourseCoversSkill (CourseID, KSCode) values (611, 520);
insert into CourseCoversSkill (CourseID, KSCode) values (639, 525);
insert into CourseCoversSkill (CourseID, KSCode) values (631, 548);
insert into CourseCoversSkill (CourseID, KSCode) values (614, 501);
insert into CourseCoversSkill (CourseID, KSCode) values (626, 547);
insert into CourseCoversSkill (CourseID, KSCode) values (608, 553);
insert into CourseCoversSkill (CourseID, KSCode) values (601, 547);
insert into CourseCoversSkill (CourseID, KSCode) values (619, 559);
insert into CourseCoversSkill (CourseID, KSCode) values (602, 516);
insert into CourseCoversSkill (CourseID, KSCode) values (621, 539);
insert into CourseCoversSkill (CourseID, KSCode) values (625, 506);
insert into CourseCoversSkill (CourseID, KSCode) values (611, 555);
insert into CourseCoversSkill (CourseID, KSCode) values (631, 533);
insert into CourseCoversSkill (CourseID, KSCode) values (611, 522);
insert into CourseCoversSkill (CourseID, KSCode) values (612, 520);
insert into CourseCoversSkill (CourseID, KSCode) values (621, 552);
insert into CourseCoversSkill (CourseID, KSCode) values (602, 511);
insert into CourseCoversSkill (CourseID, KSCode) values (633, 547);
insert into CourseCoversSkill (CourseID, KSCode) values (633, 502);
insert into CourseCoversSkill (CourseID, KSCode) values (612, 506);
insert into CourseCoversSkill (CourseID, KSCode) values (625, 524);
insert into CourseCoversSkill (CourseID, KSCode) values (614, 537);
insert into CourseCoversSkill (CourseID, KSCode) values (606, 529);
insert into CourseCoversSkill (CourseID, KSCode) values (632, 501);
insert into CourseCoversSkill (CourseID, KSCode) values (637, 503);
insert into CourseCoversSkill (CourseID, KSCode) values (639, 549);
insert into CourseCoversSkill (CourseID, KSCode) values (604, 507);
insert into CourseCoversSkill (CourseID, KSCode) values (629, 552);
insert into CourseCoversSkill (CourseID, KSCode) values (613, 547);
insert into CourseCoversSkill (CourseID, KSCode) values (615, 513);
insert into CourseCoversSkill (CourseID, KSCode) values (630, 554);
insert into CourseCoversSkill (CourseID, KSCode) values (604, 522);
insert into CourseCoversSkill (CourseID, KSCode) values (613, 501);
insert into CourseCoversSkill (CourseID, KSCode) values (639, 554);
insert into CourseCoversSkill (CourseID, KSCode) values (602, 508);
insert into CourseCoversSkill (CourseID, KSCode) values (634, 525);
insert into CourseCoversSkill (CourseID, KSCode) values (632, 537);
insert into CourseCoversSkill (CourseID, KSCode) values (616, 536);
insert into CourseCoversSkill (CourseID, KSCode) values (603, 522);
insert into CourseCoversSkill (CourseID, KSCode) values (612, 546);
insert into CourseCoversSkill (CourseID, KSCode) values (614, 506);
insert into CourseCoversSkill (CourseID, KSCode) values (616, 539);
insert into CourseCoversSkill (CourseID, KSCode) values (633, 537);
insert into CourseCoversSkill (CourseID, KSCode) values (619, 558);
insert into CourseCoversSkill (CourseID, KSCode) values (620, 521);
insert into CourseCoversSkill (CourseID, KSCode) values (614, 541);

--------------------------------------------------------
--  19 : PersonOwnsCertificate
--------------------------------------------------------
insert into PersonOwnsCertificate (PersonID, CertCode) values (1059, 827);
insert into PersonOwnsCertificate (PersonID, CertCode) values (1053, 809);
insert into PersonOwnsCertificate (PersonID, CertCode) values (1035, 830);
insert into PersonOwnsCertificate (PersonID, CertCode) values (1080, 841);
insert into PersonOwnsCertificate (PersonID, CertCode) values (1094, 828);
insert into PersonOwnsCertificate (PersonID, CertCode) values (1065, 805);
insert into PersonOwnsCertificate (PersonID, CertCode) values (1017, 821);
insert into PersonOwnsCertificate (PersonID, CertCode) values (1068, 824);
insert into PersonOwnsCertificate (PersonID, CertCode) values (1045, 835);
insert into PersonOwnsCertificate (PersonID, CertCode) values (1015, 812);
insert into PersonOwnsCertificate (PersonID, CertCode) values (1075, 826);
insert into PersonOwnsCertificate (PersonID, CertCode) values (1099, 838);
insert into PersonOwnsCertificate (PersonID, CertCode) values (1086, 824);
insert into PersonOwnsCertificate (PersonID, CertCode) values (1050, 830);
insert into PersonOwnsCertificate (PersonID, CertCode) values (1030, 842);
insert into PersonOwnsCertificate (PersonID, CertCode) values (1046, 804);
insert into PersonOwnsCertificate (PersonID, CertCode) values (1011, 840);
insert into PersonOwnsCertificate (PersonID, CertCode) values (1098, 815);
insert into PersonOwnsCertificate (PersonID, CertCode) values (1038, 831);
insert into PersonOwnsCertificate (PersonID, CertCode) values (1070, 801);
insert into PersonOwnsCertificate (PersonID, CertCode) values (1024, 840);
insert into PersonOwnsCertificate (PersonID, CertCode) values (1048, 811);
insert into PersonOwnsCertificate (PersonID, CertCode) values (1000, 830);
insert into PersonOwnsCertificate (PersonID, CertCode) values (1081, 840);
insert into PersonOwnsCertificate (PersonID, CertCode) values (1056, 840);
insert into PersonOwnsCertificate (PersonID, CertCode) values (1080, 833);
insert into PersonOwnsCertificate (PersonID, CertCode) values (1009, 818);
insert into PersonOwnsCertificate (PersonID, CertCode) values (1032, 811);
insert into PersonOwnsCertificate (PersonID, CertCode) values (1030, 802);
insert into PersonOwnsCertificate (PersonID, CertCode) values (1004, 801);
insert into PersonOwnsCertificate (PersonID, CertCode) values (1003, 824);
insert into PersonOwnsCertificate (PersonID, CertCode) values (1043, 841);
insert into PersonOwnsCertificate (PersonID, CertCode) values (1091, 821);
insert into PersonOwnsCertificate (PersonID, CertCode) values (1097, 821);
insert into PersonOwnsCertificate (PersonID, CertCode) values (1043, 806);
insert into PersonOwnsCertificate (PersonID, CertCode) values (1028, 830);
insert into PersonOwnsCertificate (PersonID, CertCode) values (1052, 826);
insert into PersonOwnsCertificate (PersonID, CertCode) values (1051, 808);
insert into PersonOwnsCertificate (PersonID, CertCode) values (1093, 829);
insert into PersonOwnsCertificate (PersonID, CertCode) values (1016, 804);
insert into PersonOwnsCertificate (PersonID, CertCode) values (1073, 800);
insert into PersonOwnsCertificate (PersonID, CertCode) values (1056, 801);
insert into PersonOwnsCertificate (PersonID, CertCode) values (1061, 834);
insert into PersonOwnsCertificate (PersonID, CertCode) values (1063, 840);
insert into PersonOwnsCertificate (PersonID, CertCode) values (1088, 841);
insert into PersonOwnsCertificate (PersonID, CertCode) values (1043, 844);
insert into PersonOwnsCertificate (PersonID, CertCode) values (1072, 826);
insert into PersonOwnsCertificate (PersonID, CertCode) values (1015, 801);
insert into PersonOwnsCertificate (PersonID, CertCode) values (1092, 812);
insert into PersonOwnsCertificate (PersonID, CertCode) values (1029, 829);
insert into PersonOwnsCertificate (PersonID, CertCode) values (1072, 800);
insert into PersonOwnsCertificate (PersonID, CertCode) values (1042, 838);
insert into PersonOwnsCertificate (PersonID, CertCode) values (1057, 823);
insert into PersonOwnsCertificate (PersonID, CertCode) values (1038, 828);
insert into PersonOwnsCertificate (PersonID, CertCode) values (1022, 846);
insert into PersonOwnsCertificate (PersonID, CertCode) values (1008, 836);
insert into PersonOwnsCertificate (PersonID, CertCode) values (1045, 817);
insert into PersonOwnsCertificate (PersonID, CertCode) values (1012, 843);
insert into PersonOwnsCertificate (PersonID, CertCode) values (1075, 810);
insert into PersonOwnsCertificate (PersonID, CertCode) values (1034, 843);
insert into PersonOwnsCertificate (PersonID, CertCode) values (1061, 813);
insert into PersonOwnsCertificate (PersonID, CertCode) values (1008, 848);
insert into PersonOwnsCertificate (PersonID, CertCode) values (1054, 846);
insert into PersonOwnsCertificate (PersonID, CertCode) values (1026, 846);
insert into PersonOwnsCertificate (PersonID, CertCode) values (1073, 800);
insert into PersonOwnsCertificate (PersonID, CertCode) values (1083, 808);
insert into PersonOwnsCertificate (PersonID, CertCode) values (1062, 832);
insert into PersonOwnsCertificate (PersonID, CertCode) values (1075, 810);
insert into PersonOwnsCertificate (PersonID, CertCode) values (1036, 840);
insert into PersonOwnsCertificate (PersonID, CertCode) values (1076, 849);
insert into PersonOwnsCertificate (PersonID, CertCode) values (1043, 832);
insert into PersonOwnsCertificate (PersonID, CertCode) values (1098, 807);
insert into PersonOwnsCertificate (PersonID, CertCode) values (1042, 824);
insert into PersonOwnsCertificate (PersonID, CertCode) values (1035, 824);
insert into PersonOwnsCertificate (PersonID, CertCode) values (1082, 841);
insert into PersonOwnsCertificate (PersonID, CertCode) values (1022, 845);
insert into PersonOwnsCertificate (PersonID, CertCode) values (1086, 822);
insert into PersonOwnsCertificate (PersonID, CertCode) values (1015, 829);
insert into PersonOwnsCertificate (PersonID, CertCode) values (1024, 817);
insert into PersonOwnsCertificate (PersonID, CertCode) values (1054, 816);
insert into PersonOwnsCertificate (PersonID, CertCode) values (1071, 802);
insert into PersonOwnsCertificate (PersonID, CertCode) values (1043, 801);
insert into PersonOwnsCertificate (PersonID, CertCode) values (1078, 837);
insert into PersonOwnsCertificate (PersonID, CertCode) values (1046, 807);
insert into PersonOwnsCertificate (PersonID, CertCode) values (1051, 813);
insert into PersonOwnsCertificate (PersonID, CertCode) values (1037, 821);
insert into PersonOwnsCertificate (PersonID, CertCode) values (1098, 832);
insert into PersonOwnsCertificate (PersonID, CertCode) values (1027, 829);
insert into PersonOwnsCertificate (PersonID, CertCode) values (1067, 801);
insert into PersonOwnsCertificate (PersonID, CertCode) values (1028, 848);
insert into PersonOwnsCertificate (PersonID, CertCode) values (1041, 826);
insert into PersonOwnsCertificate (PersonID, CertCode) values (1080, 824);
insert into PersonOwnsCertificate (PersonID, CertCode) values (1032, 836);
insert into PersonOwnsCertificate (PersonID, CertCode) values (1083, 826);
insert into PersonOwnsCertificate (PersonID, CertCode) values (1073, 817);
insert into PersonOwnsCertificate (PersonID, CertCode) values (1074, 822);
insert into PersonOwnsCertificate (PersonID, CertCode) values (1047, 841);
insert into PersonOwnsCertificate (PersonID, CertCode) values (1003, 843);
insert into PersonOwnsCertificate (PersonID, CertCode) values (1082, 807);
insert into PersonOwnsCertificate (PersonID, CertCode) values (1099, 819);
insert into PersonOwnsCertificate (PersonID, CertCode) values (1069, 817);
insert into PersonOwnsCertificate (PersonID, CertCode) values (1067, 817);
insert into PersonOwnsCertificate (PersonID, CertCode) values (1050, 848);
insert into PersonOwnsCertificate (PersonID, CertCode) values (1074, 808);
insert into PersonOwnsCertificate (PersonID, CertCode) values (1005, 816);
insert into PersonOwnsCertificate (PersonID, CertCode) values (1044, 842);
insert into PersonOwnsCertificate (PersonID, CertCode) values (1061, 802);
insert into PersonOwnsCertificate (PersonID, CertCode) values (1093, 807);
insert into PersonOwnsCertificate (PersonID, CertCode) values (1090, 803);
insert into PersonOwnsCertificate (PersonID, CertCode) values (1021, 849);
insert into PersonOwnsCertificate (PersonID, CertCode) values (1067, 802);
insert into PersonOwnsCertificate (PersonID, CertCode) values (1032, 818);
insert into PersonOwnsCertificate (PersonID, CertCode) values (1011, 846);
insert into PersonOwnsCertificate (PersonID, CertCode) values (1087, 810);
insert into PersonOwnsCertificate (PersonID, CertCode) values (1011, 846);
insert into PersonOwnsCertificate (PersonID, CertCode) values (1064, 841);
insert into PersonOwnsCertificate (PersonID, CertCode) values (1064, 830);
insert into PersonOwnsCertificate (PersonID, CertCode) values (1013, 848);
insert into PersonOwnsCertificate (PersonID, CertCode) values (1014, 822);
insert into PersonOwnsCertificate (PersonID, CertCode) values (1032, 815);
insert into PersonOwnsCertificate (PersonID, CertCode) values (1023, 822);
insert into PersonOwnsCertificate (PersonID, CertCode) values (1073, 807);
insert into PersonOwnsCertificate (PersonID, CertCode) values (1008, 846);
insert into PersonOwnsCertificate (PersonID, CertCode) values (1038, 831);
insert into PersonOwnsCertificate (PersonID, CertCode) values (1028, 848);
insert into PersonOwnsCertificate (PersonID, CertCode) values (1008, 839);
insert into PersonOwnsCertificate (PersonID, CertCode) values (1069, 836);
insert into PersonOwnsCertificate (PersonID, CertCode) values (1040, 806);
insert into PersonOwnsCertificate (PersonID, CertCode) values (1077, 830);
insert into PersonOwnsCertificate (PersonID, CertCode) values (1092, 806);
insert into PersonOwnsCertificate (PersonID, CertCode) values (1049, 817);
insert into PersonOwnsCertificate (PersonID, CertCode) values (1037, 845);
insert into PersonOwnsCertificate (PersonID, CertCode) values (1019, 828);
insert into PersonOwnsCertificate (PersonID, CertCode) values (1081, 804);
insert into PersonOwnsCertificate (PersonID, CertCode) values (1005, 844);
insert into PersonOwnsCertificate (PersonID, CertCode) values (1080, 827);
insert into PersonOwnsCertificate (PersonID, CertCode) values (1017, 841);
insert into PersonOwnsCertificate (PersonID, CertCode) values (1006, 832);
insert into PersonOwnsCertificate (PersonID, CertCode) values (1068, 803);
insert into PersonOwnsCertificate (PersonID, CertCode) values (1082, 846);
insert into PersonOwnsCertificate (PersonID, CertCode) values (1059, 847);
insert into PersonOwnsCertificate (PersonID, CertCode) values (1010, 844);
insert into PersonOwnsCertificate (PersonID, CertCode) values (1073, 814);
insert into PersonOwnsCertificate (PersonID, CertCode) values (1040, 808);
insert into PersonOwnsCertificate (PersonID, CertCode) values (1033, 820);
insert into PersonOwnsCertificate (PersonID, CertCode) values (1008, 841);
insert into PersonOwnsCertificate (PersonID, CertCode) values (1080, 824);
insert into PersonOwnsCertificate (PersonID, CertCode) values (1076, 826);
insert into PersonOwnsCertificate (PersonID, CertCode) values (1084, 842);
insert into PersonOwnsCertificate (PersonID, CertCode) values (1065, 830);
insert into PersonOwnsCertificate (PersonID, CertCode) values (1033, 803);
insert into PersonOwnsCertificate (PersonID, CertCode) values (1072, 838);
insert into PersonOwnsCertificate (PersonID, CertCode) values (1057, 846);
insert into PersonOwnsCertificate (PersonID, CertCode) values (1099, 812);
insert into PersonOwnsCertificate (PersonID, CertCode) values (1082, 812);
insert into PersonOwnsCertificate (PersonID, CertCode) values (1057, 837);
insert into PersonOwnsCertificate (PersonID, CertCode) values (1061, 810);
insert into PersonOwnsCertificate (PersonID, CertCode) values (1003, 801);
insert into PersonOwnsCertificate (PersonID, CertCode) values (1057, 819);
insert into PersonOwnsCertificate (PersonID, CertCode) values (1021, 837);
insert into PersonOwnsCertificate (PersonID, CertCode) values (1065, 806);
insert into PersonOwnsCertificate (PersonID, CertCode) values (1037, 843);
insert into PersonOwnsCertificate (PersonID, CertCode) values (1063, 849);
insert into PersonOwnsCertificate (PersonID, CertCode) values (1018, 828);
insert into PersonOwnsCertificate (PersonID, CertCode) values (1027, 833);
insert into PersonOwnsCertificate (PersonID, CertCode) values (1000, 807);
insert into PersonOwnsCertificate (PersonID, CertCode) values (1066, 839);
insert into PersonOwnsCertificate (PersonID, CertCode) values (1081, 812);
insert into PersonOwnsCertificate (PersonID, CertCode) values (1079, 844);
insert into PersonOwnsCertificate (PersonID, CertCode) values (1052, 814);
insert into PersonOwnsCertificate (PersonID, CertCode) values (1065, 807);
insert into PersonOwnsCertificate (PersonID, CertCode) values (1081, 822);
insert into PersonOwnsCertificate (PersonID, CertCode) values (1015, 811);
insert into PersonOwnsCertificate (PersonID, CertCode) values (1014, 834);
insert into PersonOwnsCertificate (PersonID, CertCode) values (1021, 829);
insert into PersonOwnsCertificate (PersonID, CertCode) values (1003, 812);
insert into PersonOwnsCertificate (PersonID, CertCode) values (1097, 826);
insert into PersonOwnsCertificate (PersonID, CertCode) values (1077, 813);
insert into PersonOwnsCertificate (PersonID, CertCode) values (1089, 843);
insert into PersonOwnsCertificate (PersonID, CertCode) values (1021, 837);
insert into PersonOwnsCertificate (PersonID, CertCode) values (1003, 825);
insert into PersonOwnsCertificate (PersonID, CertCode) values (1037, 836);
insert into PersonOwnsCertificate (PersonID, CertCode) values (1008, 846);
insert into PersonOwnsCertificate (PersonID, CertCode) values (1098, 821);
insert into PersonOwnsCertificate (PersonID, CertCode) values (1040, 812);
insert into PersonOwnsCertificate (PersonID, CertCode) values (1041, 830);
insert into PersonOwnsCertificate (PersonID, CertCode) values (1079, 803);
insert into PersonOwnsCertificate (PersonID, CertCode) values (1042, 841);
insert into PersonOwnsCertificate (PersonID, CertCode) values (1037, 806);
insert into PersonOwnsCertificate (PersonID, CertCode) values (1008, 833);
insert into PersonOwnsCertificate (PersonID, CertCode) values (1009, 821);
insert into PersonOwnsCertificate (PersonID, CertCode) values (1031, 836);
insert into PersonOwnsCertificate (PersonID, CertCode) values (1005, 837);
insert into PersonOwnsCertificate (PersonID, CertCode) values (1059, 847);
insert into PersonOwnsCertificate (PersonID, CertCode) values (1033, 834);
insert into PersonOwnsCertificate (PersonID, CertCode) values (1089, 818);
insert into PersonOwnsCertificate (PersonID, CertCode) values (1053, 809);
insert into PersonOwnsCertificate (PersonID, CertCode) values (1063, 816);
insert into PersonOwnsCertificate (PersonID, CertCode) values (1052, 841);
insert into PersonOwnsCertificate (PersonID, CertCode) values (1026, 839);
insert into PersonOwnsCertificate (PersonID, CertCode) values (1039, 817);
insert into PersonOwnsCertificate (PersonID, CertCode) values (1016, 841);
insert into PersonOwnsCertificate (PersonID, CertCode) values (1099, 801);
insert into PersonOwnsCertificate (PersonID, CertCode) values (1099, 810);
insert into PersonOwnsCertificate (PersonID, CertCode) values (1009, 805);
insert into PersonOwnsCertificate (PersonID, CertCode) values (1099, 812);
insert into PersonOwnsCertificate (PersonID, CertCode) values (1078, 848);
insert into PersonOwnsCertificate (PersonID, CertCode) values (1076, 827);
insert into PersonOwnsCertificate (PersonID, CertCode) values (1070, 827);
insert into PersonOwnsCertificate (PersonID, CertCode) values (1021, 846);
insert into PersonOwnsCertificate (PersonID, CertCode) values (1081, 804);
insert into PersonOwnsCertificate (PersonID, CertCode) values (1004, 809);
insert into PersonOwnsCertificate (PersonID, CertCode) values (1034, 807);
insert into PersonOwnsCertificate (PersonID, CertCode) values (1006, 840);
insert into PersonOwnsCertificate (PersonID, CertCode) values (1052, 811);
insert into PersonOwnsCertificate (PersonID, CertCode) values (1010, 829);
insert into PersonOwnsCertificate (PersonID, CertCode) values (1016, 828);
insert into PersonOwnsCertificate (PersonID, CertCode) values (1025, 830);
insert into PersonOwnsCertificate (PersonID, CertCode) values (1072, 830);
insert into PersonOwnsCertificate (PersonID, CertCode) values (1085, 807);
insert into PersonOwnsCertificate (PersonID, CertCode) values (1090, 838);
insert into PersonOwnsCertificate (PersonID, CertCode) values (1051, 811);
insert into PersonOwnsCertificate (PersonID, CertCode) values (1029, 846);
insert into PersonOwnsCertificate (PersonID, CertCode) values (1002, 849);
insert into PersonOwnsCertificate (PersonID, CertCode) values (1061, 823);
insert into PersonOwnsCertificate (PersonID, CertCode) values (1028, 807);
insert into PersonOwnsCertificate (PersonID, CertCode) values (1023, 811);
insert into PersonOwnsCertificate (PersonID, CertCode) values (1053, 831);
insert into PersonOwnsCertificate (PersonID, CertCode) values (1095, 817);
insert into PersonOwnsCertificate (PersonID, CertCode) values (1003, 807);
insert into PersonOwnsCertificate (PersonID, CertCode) values (1031, 816);
insert into PersonOwnsCertificate (PersonID, CertCode) values (1084, 828);
insert into PersonOwnsCertificate (PersonID, CertCode) values (1003, 818);
insert into PersonOwnsCertificate (PersonID, CertCode) values (1010, 808);
insert into PersonOwnsCertificate (PersonID, CertCode) values (1033, 843);
insert into PersonOwnsCertificate (PersonID, CertCode) values (1097, 844);
insert into PersonOwnsCertificate (PersonID, CertCode) values (1051, 831);
insert into PersonOwnsCertificate (PersonID, CertCode) values (1076, 805);
insert into PersonOwnsCertificate (PersonID, CertCode) values (1077, 807);
insert into PersonOwnsCertificate (PersonID, CertCode) values (1085, 841);
insert into PersonOwnsCertificate (PersonID, CertCode) values (1057, 804);
insert into PersonOwnsCertificate (PersonID, CertCode) values (1008, 826);
insert into PersonOwnsCertificate (PersonID, CertCode) values (1014, 830);
insert into PersonOwnsCertificate (PersonID, CertCode) values (1062, 845);
insert into PersonOwnsCertificate (PersonID, CertCode) values (1096, 821);
insert into PersonOwnsCertificate (PersonID, CertCode) values (1051, 818);
insert into PersonOwnsCertificate (PersonID, CertCode) values (1053, 825);
insert into PersonOwnsCertificate (PersonID, CertCode) values (1061, 819);
insert into PersonOwnsCertificate (PersonID, CertCode) values (1090, 819);
insert into PersonOwnsCertificate (PersonID, CertCode) values (1096, 837);
insert into PersonOwnsCertificate (PersonID, CertCode) values (1064, 820);
insert into PersonOwnsCertificate (PersonID, CertCode) values (1034, 810);
insert into PersonOwnsCertificate (PersonID, CertCode) values (1014, 815);
insert into PersonOwnsCertificate (PersonID, CertCode) values (1010, 818);
insert into PersonOwnsCertificate (PersonID, CertCode) values (1047, 802);
insert into PersonOwnsCertificate (PersonID, CertCode) values (1089, 849);
insert into PersonOwnsCertificate (PersonID, CertCode) values (1005, 839);
insert into PersonOwnsCertificate (PersonID, CertCode) values (1037, 834);
insert into PersonOwnsCertificate (PersonID, CertCode) values (1008, 843);
insert into PersonOwnsCertificate (PersonID, CertCode) values (1080, 813);
insert into PersonOwnsCertificate (PersonID, CertCode) values (1098, 821);
insert into PersonOwnsCertificate (PersonID, CertCode) values (1008, 818);
insert into PersonOwnsCertificate (PersonID, CertCode) values (1028, 837);
insert into PersonOwnsCertificate (PersonID, CertCode) values (1036, 844);
insert into PersonOwnsCertificate (PersonID, CertCode) values (1061, 824);
insert into PersonOwnsCertificate (PersonID, CertCode) values (1008, 810);
insert into PersonOwnsCertificate (PersonID, CertCode) values (1044, 817);
insert into PersonOwnsCertificate (PersonID, CertCode) values (1023, 842);
insert into PersonOwnsCertificate (PersonID, CertCode) values (1069, 839);
insert into PersonOwnsCertificate (PersonID, CertCode) values (1078, 824);
insert into PersonOwnsCertificate (PersonID, CertCode) values (1061, 812);
insert into PersonOwnsCertificate (PersonID, CertCode) values (1058, 815);
insert into PersonOwnsCertificate (PersonID, CertCode) values (1073, 827);
insert into PersonOwnsCertificate (PersonID, CertCode) values (1085, 816);
insert into PersonOwnsCertificate (PersonID, CertCode) values (1051, 838);
insert into PersonOwnsCertificate (PersonID, CertCode) values (1047, 839);
insert into PersonOwnsCertificate (PersonID, CertCode) values (1082, 824);
insert into PersonOwnsCertificate (PersonID, CertCode) values (1036, 837);
insert into PersonOwnsCertificate (PersonID, CertCode) values (1022, 832);
insert into PersonOwnsCertificate (PersonID, CertCode) values (1036, 822);
insert into PersonOwnsCertificate (PersonID, CertCode) values (1086, 844);
insert into PersonOwnsCertificate (PersonID, CertCode) values (1080, 837);
insert into PersonOwnsCertificate (PersonID, CertCode) values (1044, 832);
insert into PersonOwnsCertificate (PersonID, CertCode) values (1060, 809);
insert into PersonOwnsCertificate (PersonID, CertCode) values (1086, 848);
insert into PersonOwnsCertificate (PersonID, CertCode) values (1053, 831);
insert into PersonOwnsCertificate (PersonID, CertCode) values (1060, 827);
insert into PersonOwnsCertificate (PersonID, CertCode) values (1039, 808);
insert into PersonOwnsCertificate (PersonID, CertCode) values (1023, 817);
insert into PersonOwnsCertificate (PersonID, CertCode) values (1089, 845);
insert into PersonOwnsCertificate (PersonID, CertCode) values (1032, 840);
insert into PersonOwnsCertificate (PersonID, CertCode) values (1018, 837);
insert into PersonOwnsCertificate (PersonID, CertCode) values (1040, 801);
insert into PersonOwnsCertificate (PersonID, CertCode) values (1059, 836);
insert into PersonOwnsCertificate (PersonID, CertCode) values (1024, 803);
insert into PersonOwnsCertificate (PersonID, CertCode) values (1078, 809);
insert into PersonOwnsCertificate (PersonID, CertCode) values (1073, 845);
insert into PersonOwnsCertificate (PersonID, CertCode) values (1090, 849);
insert into PersonOwnsCertificate (PersonID, CertCode) values (1035, 815);
insert into PersonOwnsCertificate (PersonID, CertCode) values (1031, 845);

--------------------------------------------------------
--  20 : JProfileRequiresCertificate
--------------------------------------------------------
insert into JProfileRequiresCertificate (JProfileCode, CertCode) values (201, 815);
insert into JProfileRequiresCertificate (JProfileCode, CertCode) values (206, 820);
insert into JProfileRequiresCertificate (JProfileCode, CertCode) values (202, 849);
insert into JProfileRequiresCertificate (JProfileCode, CertCode) values (223, 843);
insert into JProfileRequiresCertificate (JProfileCode, CertCode) values (239, 834);
insert into JProfileRequiresCertificate (JProfileCode, CertCode) values (216, 814);
insert into JProfileRequiresCertificate (JProfileCode, CertCode) values (215, 848);
insert into JProfileRequiresCertificate (JProfileCode, CertCode) values (231, 839);
insert into JProfileRequiresCertificate (JProfileCode, CertCode) values (238, 808);
insert into JProfileRequiresCertificate (JProfileCode, CertCode) values (218, 821);
insert into JProfileRequiresCertificate (JProfileCode, CertCode) values (210, 815);
insert into JProfileRequiresCertificate (JProfileCode, CertCode) values (203, 809);
insert into JProfileRequiresCertificate (JProfileCode, CertCode) values (239, 827);
insert into JProfileRequiresCertificate (JProfileCode, CertCode) values (222, 803);
insert into JProfileRequiresCertificate (JProfileCode, CertCode) values (205, 806);
insert into JProfileRequiresCertificate (JProfileCode, CertCode) values (211, 826);
insert into JProfileRequiresCertificate (JProfileCode, CertCode) values (229, 829);
insert into JProfileRequiresCertificate (JProfileCode, CertCode) values (231, 812);
insert into JProfileRequiresCertificate (JProfileCode, CertCode) values (215, 836);
insert into JProfileRequiresCertificate (JProfileCode, CertCode) values (209, 800);
insert into JProfileRequiresCertificate (JProfileCode, CertCode) values (227, 830);
insert into JProfileRequiresCertificate (JProfileCode, CertCode) values (225, 806);
insert into JProfileRequiresCertificate (JProfileCode, CertCode) values (212, 805);
insert into JProfileRequiresCertificate (JProfileCode, CertCode) values (228, 808);
insert into JProfileRequiresCertificate (JProfileCode, CertCode) values (216, 830);
insert into JProfileRequiresCertificate (JProfileCode, CertCode) values (208, 819);
insert into JProfileRequiresCertificate (JProfileCode, CertCode) values (230, 827);
insert into JProfileRequiresCertificate (JProfileCode, CertCode) values (234, 824);
insert into JProfileRequiresCertificate (JProfileCode, CertCode) values (219, 823);
insert into JProfileRequiresCertificate (JProfileCode, CertCode) values (208, 838);
insert into JProfileRequiresCertificate (JProfileCode, CertCode) values (220, 821);
insert into JProfileRequiresCertificate (JProfileCode, CertCode) values (210, 828);
insert into JProfileRequiresCertificate (JProfileCode, CertCode) values (215, 840);
insert into JProfileRequiresCertificate (JProfileCode, CertCode) values (217, 832);
insert into JProfileRequiresCertificate (JProfileCode, CertCode) values (222, 812);
insert into JProfileRequiresCertificate (JProfileCode, CertCode) values (235, 830);
insert into JProfileRequiresCertificate (JProfileCode, CertCode) values (218, 813);
insert into JProfileRequiresCertificate (JProfileCode, CertCode) values (207, 848);
insert into JProfileRequiresCertificate (JProfileCode, CertCode) values (213, 818);
insert into JProfileRequiresCertificate (JProfileCode, CertCode) values (229, 837);
insert into JProfileRequiresCertificate (JProfileCode, CertCode) values (234, 817);
insert into JProfileRequiresCertificate (JProfileCode, CertCode) values (201, 846);
insert into JProfileRequiresCertificate (JProfileCode, CertCode) values (239, 846);
insert into JProfileRequiresCertificate (JProfileCode, CertCode) values (239, 847);
insert into JProfileRequiresCertificate (JProfileCode, CertCode) values (232, 842);
insert into JProfileRequiresCertificate (JProfileCode, CertCode) values (217, 849);
insert into JProfileRequiresCertificate (JProfileCode, CertCode) values (203, 801);
insert into JProfileRequiresCertificate (JProfileCode, CertCode) values (204, 823);
insert into JProfileRequiresCertificate (JProfileCode, CertCode) values (207, 827);
insert into JProfileRequiresCertificate (JProfileCode, CertCode) values (224, 800);
insert into JProfileRequiresCertificate (JProfileCode, CertCode) values (229, 834);
insert into JProfileRequiresCertificate (JProfileCode, CertCode) values (238, 834);
insert into JProfileRequiresCertificate (JProfileCode, CertCode) values (233, 824);
insert into JProfileRequiresCertificate (JProfileCode, CertCode) values (213, 800);
insert into JProfileRequiresCertificate (JProfileCode, CertCode) values (205, 812);
insert into JProfileRequiresCertificate (JProfileCode, CertCode) values (234, 846);
insert into JProfileRequiresCertificate (JProfileCode, CertCode) values (207, 800);
insert into JProfileRequiresCertificate (JProfileCode, CertCode) values (224, 821);
insert into JProfileRequiresCertificate (JProfileCode, CertCode) values (205, 827);
insert into JProfileRequiresCertificate (JProfileCode, CertCode) values (233, 810);
insert into JProfileRequiresCertificate (JProfileCode, CertCode) values (207, 842);
insert into JProfileRequiresCertificate (JProfileCode, CertCode) values (223, 812);
insert into JProfileRequiresCertificate (JProfileCode, CertCode) values (219, 807);
insert into JProfileRequiresCertificate (JProfileCode, CertCode) values (215, 823);
insert into JProfileRequiresCertificate (JProfileCode, CertCode) values (219, 812);
insert into JProfileRequiresCertificate (JProfileCode, CertCode) values (206, 834);
insert into JProfileRequiresCertificate (JProfileCode, CertCode) values (227, 817);
insert into JProfileRequiresCertificate (JProfileCode, CertCode) values (204, 824);
insert into JProfileRequiresCertificate (JProfileCode, CertCode) values (225, 835);
insert into JProfileRequiresCertificate (JProfileCode, CertCode) values (216, 816);
insert into JProfileRequiresCertificate (JProfileCode, CertCode) values (203, 822);
insert into JProfileRequiresCertificate (JProfileCode, CertCode) values (205, 807);
insert into JProfileRequiresCertificate (JProfileCode, CertCode) values (211, 828);
insert into JProfileRequiresCertificate (JProfileCode, CertCode) values (222, 801);
insert into JProfileRequiresCertificate (JProfileCode, CertCode) values (201, 805);
insert into JProfileRequiresCertificate (JProfileCode, CertCode) values (237, 810);
insert into JProfileRequiresCertificate (JProfileCode, CertCode) values (207, 841);
insert into JProfileRequiresCertificate (JProfileCode, CertCode) values (204, 845);

-- GivenSkillSet
INSERT INTO GivenSkillSet VALUES (536);
INSERT INTO GivenSkillSet VALUES (556);

-- CourseSet

INSERT INTO CourseSet
(SELECT RowNum+20000, C1.CourseID, C2.CourseID,null,2,(C1.CoursePrice+C2.CoursePrice)
FROM Course C1, Course C2
WHERE C1.CourseID < C2.CourseID)
UNION
(SELECT RowNum+30000, C11.CourseID,C12.CourseID,C13.CourseID,3,(C11.CoursePrice+C12.CoursePrice+C13.CoursePrice)
FROM Course C11,Course C12, Course C13
WHERE C11.CourseID < C12.CourseID AND C12.CourseID < C13.CourseID );

-- CourseSet_Skill
INSERT INTO CourseSet_Skill
SELECT CourseSetID,KSCode
FROM CourseSet JOIN CourseCoversSkill ON CourseID = CID1
UNION
SELECT CourseSetID,KSCode
FROM CourseSet JOIN CourseCoversSkill ON CourseID = CID2
UNION
SELECT CourseSetID,KSCode
FROM CourseSet JOIN CourseCoversSkill ON CourseID = CID3;



